standard_units,count,cumulative_prop
nM,12587576,0.519
%,5200597,0.733
,3354717,0.871
ug.mL-1,952582,0.911
s-1,828026,0.945
uM,257898,0.955
hr,128555,0.961
mm,95027,0.964
ug ml-1,77448,0.968
mg.kg-1,65710,0.97
mL.min-1.kg-1,46177,0.972
cells.uL-1,42368,0.974
ng.hr.mL-1,38515,0.976
degrees C,32408,0.977
g,31362,0.978
mg kg-1,27952,0.979
mL.min-1.g-1,26600,0.98
C,24914,0.982
IU.L-1,23865,0.982
U.L-1,22233,0.983
mEq.L-1,21153,0.984
L.kg-1,20652,0.985
s,13825,0.986
% ID/g,13011,0.986
umol.kg-1,11549,0.987
day,11298,0.987
10'-6 cm/s,9662,0.988
mmHg,9630,0.988
uL/min,9143,0.988
pg,8921,0.989
fL,8717,0.989
10^-6 cm/s,8451,0.989
min,7796,0.99
ng/ml,7781,0.99
ucm/s,7348,0.99
mM,7144,0.991
nm/s,6324,0.991
meq/L,4773,0.991
ug,4712,0.991
mg,4180,0.991
10'-2 umol/ml,3972,0.992
ppm,3912,0.992
mg/dl,3670,0.992
/s,3611,0.992
um,3569,0.992
M-1 s-1,3354,0.992
/100WBC,3111,0.993
ng/g,3110,0.993
/min,3109,0.993
/M/s,3027,0.993
M,2961,0.993
%ID,2800,0.993
ml,2713,0.993
umol/L,2467,0.993
pg/ml,2159,0.993
mg/L,2134,0.994
ng ml-1,1972,0.994
ml/min,1942,0.994
uM kg-1,1874,0.994
nmol,1750,0.994
uL.min-1.(10^6cells)-1,1737,0.994
nm,1726,0.994
mU/ml,1694,0.994
pm/min/mg,1663,0.994
mg dl-1,1593,0.994
kcal/mol,1586,0.994
min-1,1578,0.994
equiv,1528,0.994
pmol,1469,0.994
nmol/min,1460,0.995
M-1,1363,0.995
ug/g,1349,0.995
U/L,1338,0.995
ug kg-1,1306,0.995
K,1277,0.995
mg kg-1 day-1,1181,0.995
beats min-1,1136,0.995
mg/ml,1056,0.995
nmol/min/mg,1033,0.995
bpm,1031,0.995
mg/kg/day,1017,0.995
ms,1005,0.995
microL/min/mg,1000,0.995
mm3,978,0.995
mmol/L,960,0.995
pmol/min,952,0.995
/hr,949,0.995
cm,946,0.995
nmol/g,857,0.995
mV,843,0.995
uM.hr,823,0.995
/uM/s,823,0.995
L/hr,791,0.995
kJ/mol,774,0.996
uM/ml,769,0.996
p.p.m.,769,0.996
M-1 min-1,742,0.996
%ID/g,739,0.996
m equiv,719,0.996
10'5/M,714,0.996
U,703,0.996
log10CFU/ml,691,0.996
U/mg,689,0.996
gAi/ha,673,0.996
log10CFU,665,0.996
hr-1,665,0.996
10'-2umol,656,0.996
microM/min,629,0.996
nM kg-1,624,0.996
10'6/M,612,0.996
umol/ml,583,0.996
g/acre,579,0.996
umol,576,0.996
ng,567,0.996
micromol/min,560,0.996
l,549,0.996
l M-1,543,0.996
ngequiv/g,542,0.996
10'-2microM,540,0.996
IU/L,529,0.996
a.u.,527,0.996
10'-2mmol/ml,507,0.996
mM l-1,504,0.996
mm2,502,0.996
ug g-1,500,0.996
cm s-1,498,0.996
/mM/min,496,0.996
mgAi/L,491,0.996
nm s-1,491,0.996
umol/Kg,463,0.996
/s/microM,460,0.996
Zone units,455,0.996
10'5/M/s,450,0.996
10'-3micromol/ml,440,0.996
10'4/M,429,0.997
ug cm**-2,421,0.997
nmol/mg,418,0.997
ugequiv,417,0.997
g mouse-1,413,0.997
10'-3/s,404,0.997
nM g-1,402,0.997
/mM/s,397,0.997
M-1.s-1,390,0.997
ml/min.kg,388,0.997
ml/min.g,388,0.997
cm/s,387,0.997
mg Kg-1,386,0.997
m equiv kg-1,380,0.997
microg/cm2,373,0.997
Ms-1,372,0.997
10'6cm/s,370,0.997
mM kg-1,370,0.997
ng g-1,365,0.997
g/dl,359,0.997
RFU,353,0.997
V,350,0.997
10'-2micromol/ml,349,0.997
ug/kg,334,0.997
kCal mol-1,334,0.997
micromol/kg/min,331,0.997
dose g-1,330,0.997
/M/min,330,0.997
10'-7 cm/s,320,0.997
10'6/M/s,311,0.997
1E-6 cm/s,308,0.997
uEq/min,308,0.997
uM.hr.Kg/mg,307,0.997
10'4/M/s,307,0.997
MU,305,0.997
cpm,304,0.997
10'-1 ug/ml,303,0.997
ml min-1,303,0.997
radii mm-1,301,0.997
molar ratio,300,0.997
pM,298,0.997
mg ml-1,294,0.997
nM/s,293,0.997
nM (mg of protein)-1,291,0.997
ugequiv/g,291,0.997
microM/s,290,0.997
kBq/ml,289,0.997
uM.hr.kg/mg,288,0.997
uL,286,0.997
pmol/min/mg,281,0.997
10^5/M,279,0.997
mol/mol,275,0.997
10'3/M/s,271,0.997
tons/ha,270,0.997
nM ml-1,266,0.997
ug mg-1,265,0.997
mg 100ml-1,265,0.997
fmol,263,0.997
IU/ml,259,0.997
umol/min/mg,259,0.997
umolequiv/umol,257,0.997
microg/cm3,256,0.997
g/L,256,0.997
L/min,254,0.997
10'-2 ug/ml,250,0.997
M l-1,249,0.997
mg l-1,249,0.997
milliequivalent,249,0.997
10'-2/s,247,0.997
c.p.m.,246,0.997
10'-3 ug/ml,246,0.997
nM min-1,244,0.997
10'2mEq,244,0.997
uM/L,242,0.997
deltalog10CFU,242,0.997
m equiv 5hr-1 kg-1,241,0.997
g ml-1,240,0.997
ng.hr/g,240,0.997
ug/ml,236,0.997
g/ha,235,0.998
M kg-1,235,0.998
mM/min,233,0.998
U/ml,229,0.998
ng.hr/ml,228,0.998
c.p.m. 50ul-1,226,0.998
pg ml-1,225,0.998
nmol/ml,223,0.998
kg.min/L,220,0.998
CFU,219,0.998
nM.hr,218,0.998
ng/mg,217,0.998
g/Kg,217,0.998
10'7/M,217,0.998
RU,216,0.998
fold,213,0.998
nM min-1 mg-1,211,0.998
microM.hr/mg/kg,210,0.998
ug/min,209,0.998
FPDc,206,0.998
uL/ml,204,0.998
uM min-1mg-1,204,0.998
10'-2mm,204,0.998
uMequiv/uM,203,0.998
pg/hr,202,0.998
10'-4/s,202,0.998
mmol/ml,202,0.998
IU/mg,201,0.998
10^2 uM,198,0.998
pmol/mg,197,0.998
10^-2mm,196,0.998
mmHg s-1,193,0.998
10^2umol/ml,192,0.998
milliequivalent/kg,190,0.998
mol%,189,0.998
1/Ms,189,0.998
/uM,189,0.998
pg/microg/hr,187,0.998
10^5/M/s,186,0.998
nmol/mg/min,181,0.998
IU mg-1,180,0.998
/s/M,180,0.998
%IDKg/g,180,0.998
mmol,179,0.998
10^7/M,176,0.998
mm**3,175,0.998
uM g-1,173,0.998
hr.Kg/L,172,0.998
10^4/M,171,0.998
dose ratio,171,0.998
%ID/cc,168,0.998
1/m/s,167,0.998
10'-7M,166,0.998
10^-3/s,166,0.998
molar excess,166,0.998
cm2,164,0.998
10^4/M/s,163,0.998
10'-5M,162,0.998
10'3/M,161,0.998
g/day,161,0.998
hr.ng/g,160,0.998
MT/ha,159,0.998
mol,158,0.998
nmol/mg.min,157,0.998
ng.hr/ml/mg/kg,155,0.998
10'3/M/min,154,0.998
mg/g,152,0.998
ml kg-1,152,0.998
/M,151,0.998
/ml,150,0.998
mole fraction,148,0.998
/uM/min,146,0.998
ng/L,145,0.998
U l-1,144,0.998
pmol/g,144,0.998
ml/hr,143,0.998
ng/mL,142,0.998
mmolequiv/mmol,141,0.998
nmol/L,140,0.998
uM min-1,139,0.998
% kg dose g-1,138,0.998
10^9/L,137,0.998
/m2,137,0.998
nM (10e6*cells)-1,136,0.998
°C,136,0.998
10'-5cm/s,135,0.998
mL/min/kg,134,0.998
10'7/M/s,134,0.998
mg 2kg-1,132,0.998
mm/mg,132,0.998
g dl-1,131,0.998
10^6/M,130,0.998
10^3/M,130,0.998
uM min-1 (mg of protein)-1,129,0.998
10^3/M/min,129,0.998
10'-3/min,129,0.998
mEq/L,128,0.998
CFU/ml,128,0.998
nM mouse-1,127,0.998
10'-5 cm/s,127,0.998
10'-8M,126,0.998
m equiv 6hr-1 kg-1,125,0.998
pM min-1 mg-1,125,0.998
10'4L/mol,125,0.998
mU,124,0.998
nmol/min/ml,124,0.998
ml 6hr-1 100g-1,123,0.998
mmol/Kg,123,0.998
pmol/hr,122,0.998
nmol/Kg,121,0.998
mg kg-1 5day-1,120,0.998
pmol/min/mg protein,120,0.998
ug/L,120,0.998
pM g-1,120,0.998
10E-6 cm/s,120,0.998
10'-4 cm/s,119,0.998
cm/s * 10E6,119,0.998
10'-5/M,118,0.998
mol/L,117,0.998
ug/mg,116,0.998
u equiv,116,0.998
10^-2/s,115,0.998
disintegrations/minute,114,0.998
M acre-1,114,0.998
log10CFU/g,113,0.998
10'-4M,112,0.998
ng/g.hr,112,0.998
10^6L/mol,111,0.998
L/Kg,110,0.998
10'-1/s,109,0.998
nM l-1 hr-1,109,0.998
ug/mg/day,109,0.998
mA,108,0.998
10^6/M/s,108,0.998
m equiv 6hr-1 100g-1,108,0.998
10'3/s,108,0.998
uL/L,107,0.998
ml/min.Kg,107,0.998
L/hr/kg,107,0.998
mg/day,106,0.998
arbitrary units,106,0.998
nM mg-1,106,0.998
milli optical density/minute,106,0.998
10'4/s/M,106,0.998
fM mg-1,105,0.998
ml 4hr-1,105,0.998
nM min-1 (mg of protein)-1,105,0.998
10'-4L/mol,104,0.998
uM well-1,104,0.998
uEq,104,0.998
ug injection-1,103,0.998
10e-7/M,103,0.998
nM.hr.kg/mg,103,0.998
10^-4/s,103,0.998
umol/g,102,0.998
microg/ml,102,0.998
uM pupa-1,101,0.998
10'-6M,101,0.998
ug mouse-1,101,0.998
m equiv 6hr-1 kg-1 (body weight)-1,101,0.998
10^4L/mol,101,0.998
delta mmHg,101,0.998
Kg,100,0.998
RLU,99,0.999
uL/min.mg,98,0.999
10^-3/min,98,0.999
10'-4 ug/ml,98,0.999
10^-7 cm/s,98,0.999
pmol/ml,97,0.999
10'-5/s,96,0.999
% dose organ-1,96,0.999
uMequiv,96,0.999
RLU (ug of protein)-1,96,0.999
nM/mg*min,95,0.999
uM l-1,94,0.999
microM/min/mg,94,0.999
kg/ha,94,0.999
uL/hr/cm2,92,0.999
deltalog10CFU/ml,92,0.999
1/100mm,92,0.999
-60mV,92,0.999
Ratio,92,0.999
kCal M-1,92,0.999
100ml g-1 min-1,92,0.999
none,92,0.999
10'-2/min,91,0.999
nmol/hr,91,0.999
uL/mg/min,90,0.999
L/mol/s,90,0.999
% dose (g of tissue)-1,89,0.999
10^6cm/s,89,0.999
ng min-1 rat-1,88,0.999
m equiv [Na+] 5hr-1kg-1,88,0.999
10'3/mm3,87,0.999
10^-7/M,86,0.999
ml/min/mg,86,0.999
nmol/sec,86,0.999
pM min-1,85,0.999
J/mol,85,0.999
ml/kg,85,0.999
pmol/mg/hr,85,0.999
microg.hr/mL,84,0.999
pg/mg,84,0.999
ugAi/ml,84,0.999
10^3nM,83,0.999
uM of MDA mM-1,83,0.999
total picomoles,82,0.999
L/mol,81,0.999
10^-7mol/L,81,0.999
pmol/L,80,0.999
log10FFU/ml,80,0.999
min.kg/L,80,0.999
%Dose/g,80,0.999
/M/cm,80,0.999
/uL,80,0.999
fmol/mg,79,0.999
pmol/mg/min,79,0.999
mg 100g-1,79,0.999
10'6/M/min,78,0.999
ug.hr/g,78,0.999
0-15 scale,78,0.999
10'3CFU/ml,77,0.999
nM (g of tissue)-1,76,0.999
IU,76,0.999
nmol.hr/g,75,0.999
10'5L/mol,75,0.999
Counts,74,0.999
1/M,74,0.999
10^-9mol/L,74,0.999
10'6/ml,73,0.999
uM/g,73,0.999
10^3/M/s,72,0.999
Da,72,0.999
1/s,72,0.999
ul min-1,72,0.999
RPKM,72,0.999
ng (g of tissue)-1,72,0.999
kg.hr/L,71,0.999
pM mg-1,71,0.999
min/ml/kg,71,0.999
survivors/total,71,0.999
uM.hr/ml,71,0.999
SI,71,0.999
% g-1,70,0.999
1/min,70,0.999
nM/min,70,0.999
% conc,70,0.999
ml min-1 kg-1,69,0.999
microg,69,0.999
m,69,0.999
kCal,68,0.999
mol/min,68,0.999
uM h,68,0.999
g day-1,67,0.999
10'5/M.s,67,0.999
u equiv min-1,67,0.999
uIU/ml,67,0.999
mg mouse-1,66,0.999
%/hr,66,0.999
IU ml-1,66,0.999
pM (10e6*cells)-1,65,0.999
log10,65,0.999
zone unit,65,0.999
number/group,65,0.999
l uM-1,65,0.999
fM (mg of protein)-1,64,0.999
10'-3M,64,0.999
10'-3/M/s,64,0.999
gAi,64,0.999
10^2 mm,64,0.999
g/m2,64,0.999
/cm3,64,0.999
10^-8mol/L,63,0.999
10'2/Da,63,0.999
10^5/M/min,62,0.999
10^-6/M,62,0.999
10'9/L,62,0.999
log10CFU/ml.hr,62,0.999
10^3 /uL,62,0.999
hr.ng/ml,61,0.999
uM.hr/mg.kg,61,0.999
mM-1 min-1,61,0.999
ugequiv/ml,61,0.999
microgAi/g,61,0.999
uL/min/kg,61,0.999
10'-3cpm,60,0.999
10'7mol/J,60,0.999
U mg-1,60,0.999
/min/microM,60,0.999
10'7/M/min,60,0.999
mg/mg/day,60,0.999
ug.hr/mL/mg/kg,59,0.999
min^-1,59,0.999
uM min-1 kg-1,59,0.999
nM^-1 min^-1,59,0.999
dyn/mg,59,0.999
mL/min,59,0.999
%ID/ml,58,0.999
ug.hr/ml,57,0.999
nM.hr/mg/kg,57,0.999
mmHg/s,57,0.999
10^-5 mol/L,57,0.999
10'5/s,57,0.999
10'8/M,57,0.999
Ug/ml,57,0.999
ug equiv g-1,57,0.999
10^-8cm/s,57,0.999
% dose/g,57,0.999
mm microL/micromol,56,0.999
nanoseconds,56,0.999
umolequiv/g,56,0.999
uM-1 min-1,56,0.999
mmol/g,56,0.999
10'4/M.s,56,0.999
10'6CFU,56,0.999
pA/pF,55,0.999
umol/cm2,55,0.999
ug ear-1,55,0.999
L/h/Kg,55,0.999
months,55,0.999
uM hr-1 kg-1,55,0.999
% dose g-1,54,0.999
10^-5 cm/min,54,0.999
ml/mg/kg,54,0.999
dose/organ %,54,0.999
10'8/M/s,53,0.999
ml/min/g,53,0.999
degree,53,0.999
mMequiv,53,0.999
10^-5cm/s,53,0.999
mg/m2,53,0.999
hr.kg.ng/ml/mg,52,0.999
million/mm3,52,0.999
nmol/cm2,52,0.999
10'-4/min,52,0.999
10'6/s/M,52,0.999
nmol/mg/hr,52,0.999
g (350g of rat weight)-1,52,0.999
10^7cm/s,51,0.999
kCounts,51,0.999
CFU/g,51,0.999
10'-2/hr,51,0.999
ml mouse-1,51,0.999
pM mouse-1,51,0.999
fmol/min,50,0.999
uL/ml/kg,50,0.999
0-5h,50,0.999
cal/mol,50,0.999
10'5/ml,50,0.999
number of mice,50,0.999
pmol/s,50,0.999
ng/hr/ml,50,0.999
PSL/mm2,49,0.999
N,49,0.999
10'3nM,49,0.999
um/hr,49,0.999
/min/M,48,0.999
pmol.hr/g,48,0.999
ug of B g-1,48,0.999
nM/mg,48,0.999
pM min-1 (mg of protein)-1,48,0.999
mg ear-1,48,0.999
fold selectivity,48,0.999
U/min,47,0.999
ng dl-1,47,0.999
/mm3,47,0.999
ul,47,0.999
10'4No_unit,47,0.999
mg g-1,47,0.999
mmolequiv/L,47,0.999
A% min-1,47,0.999
L/Kg.hr,47,0.999
ug nM-1,46,0.999
ug min-1 kg-1,46,0.999
10'6/mm3,46,0.999
10'-5 ug/ml,46,0.999
10'-6cm2/s,46,0.999
mM-1 s-1,46,0.999
10'-3mg/ml,46,0.999
uL/min/mg protein,46,0.999
ng/mL.hr,46,0.999
pfu/ml,46,0.999
10'-6/cm,45,0.999
ng/ml/g,45,0.999
pg/g,45,0.999
Miller_unit,45,0.999
uM ml-1,45,0.999
pmol/mg protein,45,0.999
U ml-1,45,0.999
mOsmol kg-1,44,0.999
mg (g of body weight)-1,44,0.999
ml.min/kg,44,0.999
10^-2/min,44,0.999
c,44,0.999
log pfu ml-1,44,0.999
delta beats min-1,44,0.999
M/M,44,0.999
um2,43,0.999
pg/mm2,43,0.999
10e4 M-1 s-1,43,0.999
10'-8cm/s,43,0.999
10'3 /uL,43,0.999
10'3No_unit,43,0.999
10^-3/microM/s,43,0.999
ml/g,43,0.999
ml kg-1 6hr-1,43,0.999
micromol/m2/s,43,0.999
l hr-1,43,0.999
10^-9M,43,0.999
mN/meter,42,0.999
nM.kg/mg,42,0.999
ppb,42,0.999
10^-1/s,42,0.999
l mol-1,42,0.999
10e-3 1/s,42,0.999
u equiv kg-1,42,0.999
cm hr-1,42,0.999
dead/total,42,0.999
ug dish-1,42,0.999
umol/mg/min,42,0.999
nM equiv (mg of tissue)-1,42,0.999
mg/cm3,42,0.999
delta A min-1,42,0.999
max,42,0.999
%v/v,42,0.999
10'-4/M,41,0.999
ug/g tissue,41,0.999
degrees F,41,0.999
10'-3 mol/L,41,0.999
nM min-1 kg-1,41,0.999
10'7No_unit,41,0.999
10^-5/s,41,0.999
10'8/ml,41,0.999
10'5No_unit,41,0.999
/day,40,0.999
10^5/s,40,0.999
RLU 10s-1,40,0.999
ngequiv/ml,40,0.999
% injected dose g-1,40,0.999
Minutes,40,0.999
pM nM-1,40,0.999
Bq,40,0.999
uL/ml.millig,40,0.999
ng.hr.kg/mg/ml,40,0.999
(mg/kg)/day,39,0.999
ml 6hr-1 (kg of body weight)-1,39,0.999
10'-3uM/ml,39,0.999
Hz,39,0.999
uM/hr,39,0.999
ug (mg of protein)-1,39,0.999
10^-2/uM/min,39,0.999
uL/min/1E6 cells,39,0.999
mm mice-1,39,0.999
10'12/M/s,39,0.999
u equiv of [Na+] kg-1 hr-1,39,0.999
=,38,0.999
/g,38,0.999
hr.hr.ng/ml,38,0.999
log10PFU/ml,38,0.999
10'2/M/s,38,0.999
RFU min-1,38,0.999
kilobase,38,0.999
10'-6 ug/ml,38,0.999
ug disk-1,38,0.999
(ng of DNA) dish-1,38,0.999
umol/hr,38,0.999
(fM of GTP-gammaS bound) (mg of protein)-1,38,0.999
uM s-1,37,0.999
V s-1,37,0.999
deltaOD/min,37,0.999
ng.hr/Kg,37,0.999
M g-1,37,0.999
10'6L/mol,37,0.999
uV,37,0.999
nmol.hr/L,37,0.999
10'5/Ms,37,0.999
pmol/min/ug,37,0.999
pM of cAMP min-1 mg-1,36,0.999
nmol/g tissue,36,0.999
10'-5/ml,36,0.999
g%,36,0.999
pM (mg of protein)-1,36,0.999
/mmol/min,36,0.999
rd mCi-1,36,0.999
p.p.m. in feed,36,0.999
ug/min/mg,36,0.999
mAU/min,36,0.999
c.p.m. hr-1,36,0.999
pmoles,36,0.999
Torr,36,0.999
mg m**-2,36,0.999
mM hr,36,0.999
1-s,36,0.999
L,36,0.999
mmHg hr-1,36,0.999
ml/cm3,36,0.999
mg 4kg-1,35,0.999
/nmol,35,0.999
umol/dm3,35,0.999
/nM/min,35,0.999
10^-6uL/min,35,0.999
mgP kg-1,35,0.999
10'6/s,35,0.999
umol/min/kg,35,0.999
Counts 10min-1,35,0.999
10^3/mm3,34,0.999
10e-6 cm s-1,34,0.999
cm3,34,0.999
1/sec,34,0.999
mU ml-1,34,0.999
pmolequiv/mg,34,0.999
10'3L/mol,34,0.999
mg of protein,34,0.999
10'8/M/min,34,0.999
10'5/s/M,34,0.999
cps,34,0.999
10'5U/mL,34,0.999
T/C,33,0.999
cm*3,33,0.999
weeks,33,0.999
1/uM*sec,33,0.999
10'12L/mol/s,33,0.999
microM,33,0.999
ng.Eq/ml,33,0.999
10^6/M/min,33,0.999
AU.min,32,0.999
umol/L/min,32,0.999
mAU,32,0.999
abs/min,32,0.999
mM hr dose-1,32,0.999
uM/A unit/min,32,0.999
ug (g of abscess)-1,32,0.999
1/M.sec,32,0.999
10^-10.mol/mg/min,32,0.999
nmol/umol,32,0.999
/min/mM,32,0.999
10'5/M/min,32,0.999
u equiv of [Na+]  kg-1,32,0.999
10'3CFU,31,0.999
MPK,31,0.999
10^-3cm/min,31,0.999
c.p.m. (mg of protein)-1,31,0.999
J cm**-2,31,0.999
hr.fmol,31,0.999
uM-1 s-1,31,0.999
10e-3 min-1,31,0.999
ng/kg,31,0.999
mg/kg.day,30,0.999
l hr-1 kg-1,30,0.999
dpm,30,0.999
10'-7 ug/ml,30,0.999
uM sample-1,30,0.999
ng/cm2,30,0.999
ns,30,0.999
meter/s,30,0.999
10'9/M,30,0.999
k,30,0.999
nmol/min/kg,30,0.999
10^-6/s,30,0.999
microg/mL2,30,0.999
10'4/M/min,30,0.999
c.p.m. min-1 mg-1,30,0.999
10'1AU.min,30,0.999
10'-9meter/s,30,0.999
*10e-5,29,0.999
mg kg-1 injection-1,29,0.999
pmol/mg prot.,29,0.999
D4,29,0.999
ml/kg.min,29,0.999
g mouse-1 day-1,29,0.999
nM/mg/kg,29,0.999
ng.min/g,29,0.999
M s-1,29,0.999
revertants plate-1,29,0.999
10^3/ml,29,0.999
mg%,29,0.999
10^4M,29,0.999
(nM of drug) min-1 ml-1,29,0.999
10^-5 uM,29,0.999
10'8CFU,29,0.999
mgequiv/mmol,29,0.999
kDa,29,0.999
10'-7/s,28,0.999
uM hr dose-1,28,0.999
uM-1,28,0.999
10^-4microM,28,0.999
nanoampere,28,0.999
10'-6/M,28,0.999
Counts min-1 0.2ml-1,28,0.999
M min-1 M-1,28,0.999
g/ml,28,0.999
mg kg-1 dose-1 day-1,28,0.999
ug (g of tissue)-1,28,0.999
microL/min/g,28,0.999
kg/L,28,0.999
M/s,28,0.999
mm**2,28,0.999
10'-3mol/dm3,28,0.999
uM.kg/mg,28,0.999
ng/uL,28,0.999
ul min-1 kg-1,28,0.999
10^6 /uL,28,0.999
Io/Eo,28,0.999
(ug of cross-linked protein) (mg of protein)-1,27,0.999
ml g-1,27,0.999
ng.hr/ml.mg,27,0.999
10'13L/mol/s,27,0.999
10'-5/M/s,27,0.999
USP-U/mg,27,0.999
nmol/hr/mL,27,0.999
J/mol.K,27,0.999
micrometer/day,27,0.999
10'-9M,27,0.999
uM min-1 g-1,27,0.999
ug.hr/kg,27,0.999
(nM of H202) min-1 (ug of protein)-1,27,0.999
turns hr-1,27,0.999
10e3* M-1 s-1,27,0.999
um/s,27,0.999
pg mg-1,27,0.999
uM day-1 kg-1,27,0.999
pmol.hr/ml,27,0.999
10e6 l M-1,27,0.999
nM hr-1 cm**-2,27,0.999
mL.min/g,26,0.999
V/s,26,0.999
mmHg.hr,26,0.999
mg kg-1 i.p.,26,0.999
uM (g of spores)-1,26,0.999
pM min-1 well-1,26,0.999
Ie3 M-1 s-1,26,0.999
um/min,26,0.999
pmol/mg.min,26,0.999
g/m,26,0.999
ugAi/L,26,0.999
ug base equiv/g,26,0.999
uM min-1 mg-1,26,0.999
1/S,25,0.999
cal/mol.K,25,0.999
ug equiv/g,25,0.999
mm rat-1,25,0.999
10'6PFU/ml,25,0.999
log10IU/ml,25,0.999
/mm2,25,0.999
ug/ml/min,25,0.999
ng/hr,25,0.999
cells ml-1,25,0.999
ml hr-1,25,0.999
10^-6M,25,0.999
/s/mM,25,0.999
10'-3uM/min,24,0.999
10^4/M/cm,24,0.999
hr.ng/ml.mg,24,0.999
ngAoxigen/min/mg of RLM,24,0.999
pmol/cm2/hr,24,0.999
IU/l,24,0.999
10^-5 cm/s,24,0.999
l s-1 M-1,24,0.999
mm day-1,24,0.999
/nl,24,0.999
mg %,24,0.999
mol/L.sec,24,1.0
millions,24,0.999
ul-1,24,0.999
%ID/g/hr,24,0.999
ucm,24,0.999
pA,24,0.999
10'2/M,24,0.999
10e4*cells,24,0.999
10^4/Ms,24,0.999
pg/L,24,0.999
EU/ml,24,0.999
hr/ha,24,0.999
micromol.hr/L,24,0.999
ug well-1,24,0.999
mg kg-1 (day in diet)-1,24,0.999
uM/min.mg,24,0.999
nM/min/mg,24,0.999
/min.mg,24,0.999
10'12/L,24,0.999
M-1-s-1,23,1.0
uM hr-1,23,1.0
ml.min-1,23,1.0
10^-4/min,23,1.0
mmol/min,23,1.0
ng.hr/ml/mg,23,1.0
ug hr uM-1,23,1.0
ug of B (g of cells)-1,23,1.0
10'4L/mol/s,23,1.0
10^8/M,23,1.0
/ 7,23,1.0
10^12/L,23,1.0
1/sM,23,1.0
10^4/M/min,23,1.0
10^-4No_unit,22,1.0
/min/nM,22,1.0
h,22,1.0
turns min-1,22,1.0
delta mV,22,1.0
mg hr-1 kg-1,22,1.0
10^3No_unit,22,1.0
pmol/min.mg,22,1.0
10^-2microM,22,1.0
10^4No_unit,22,1.0
fM,22,1.0
mM-1,22,1.0
kC/sec,22,1.0
10'-6cm/min,22,1.0
pmol/mg.hr,22,1.0
MKP,22,1.0
10'4/Ms,21,1.0
um2/s,21,1.0
nM/ml,21,1.0
10'6dpm,21,1.0
RFU/s,21,1.0
10^6No_unit,21,1.0
/cm2,21,1.0
nM l-1,21,1.0
um3/um2,21,1.0
10^7/M/s,21,1.0
RFU/min,21,1.0
10^2/M/s,21,1.0
delta %,21,1.0
nM hr-1 mg-1,21,1.0
10^6/ml,21,1.0
ugequiv/l.hr,21,1.0
10'4Meq,21,1.0
L.h-1,21,1.0
10^-6 mol/L,21,1.0
10'9/M/s,20,1.0
microg/cm2/h,20,1.0
K/uL,20,1.0
10^12/M/s,20,1.0
mg 10g-1,20,1.0
mol/g,20,1.0
r.p.m.,20,1.0
cm-1,20,1.0
deltaA.10^4nmol-1,20,1.0
ml min-1 100g-1,20,1.0
uCi ml-1,20,1.0
ngequiv.hr/g,20,1.0
l kg-1,20,1.0
A1/A2A,20,1.0
nM s-1,20,1.0
nmol/ml.min,20,1.0
%molar,20,1.0
day of onset,20,1.0
%Idose,20,1.0
umolequiv/L,20,1.0
nmol/g.hr,20,1.0
kJ m**-2,20,1.0
10^22/M,20,1.0
mM s-1,20,1.0
/ms,20,1.0
ffu ml-1,20,1.0
g/cm2,19,1.0
U/g,19,1.0
pg/mL,19,1.0
10'3/M.s,19,1.0
10^1 uM,19,1.0
ug/disk,19,1.0
10^-9No_unit,19,1.0
millimeter/min,19,1.0
mean counts,19,1.0
ug (g of wet tissue)-1,19,1.0
Counts min-1,19,1.0
10^4/ml,19,1.0
ug/hr.kg,19,1.0
g (100g of body weight)-1,19,1.0
log10ng/ml,19,1.0
1/M 1/s,19,1.0
mg uM kg-1 day-1,19,1.0
mU/mg,19,1.0
uL/min/pmol,19,1.0
kg-1,19,1.0
10^5nM,19,1.0
uM of O2 min-1,19,1.0
10'-6 mol/L,18,1.0
%/min,18,1.0
10'-8 ug/ml,18,1.0
10^-8mol/s,18,1.0
day of death,18,1.0
/millimeter,18,1.0
mg uM kg-1,18,1.0
2mg kg-1,18,1.0
J/cm2,18,1.0
KgAi/ha,18,1.0
uM h kg/mg,18,1.0
uM.min,18,1.0
M dm-3,18,1.0
units/mL,18,1.0
pM of drug (10e6*cells)-1,18,1.0
10^12L/mol/s,18,1.0
10^6/Ms,18,1.0
nM hr ml,18,1.0
U (mg of protein)-1,18,1.0
deltaA.10^4nmol-1.min-1,18,1.0
10'-5g/L,18,1.0
HAU/ml,18,1.0
pM 30min-1 (mg of DNA)-1,18,1.0
10^7/M/min,18,1.0
M hr-1,18,1.0
uL/min/mL,18,1.0
nl/min,18,1.0
% of dose,18,1.0
ng/cm2/min,18,1.0
[Na+]/[K+],18,1.0
mg/cm2,18,1.0
10'6CFU/g,18,1.0
UI l-1,18,1.0
microsec,18,1.0
min.g.nM/mg,18,1.0
ugequiv.hr/g,18,1.0
pixel,18,1.0
ug/mL/mg/kg,17,1.0
cal/mol/deg,17,1.0
(fM of O6-MeG removed) (mg of protein)-1,17,1.0
ug/dl,17,1.0
pg 0.1ml-1 500x10^3,17,1.0
10'2/min,17,1.0
um3,17,1.0
nM.hr/mg,17,1.0
10'6No_unit,17,1.0
log10/ml,17,1.0
nM-1 min-1,17,1.0
10'6nM,17,1.0
10'7/ml,17,1.0
ug hr-1 g-1,17,1.0
/mM,17,1.0
%ID/cm3,17,1.0
10'-12 ug/ml,17,1.0
μg/mL,16,1.0
g l-1,16,1.0
s/counts.M,16,1.0
hr2,16,1.0
mMequiv/mg,16,1.0
SUV.min,16,1.0
10'-4/nM/min,16,1.0
g cm**-2,16,1.0
pmolequiv,16,1.0
VR,16,1.0
10e3mm,16,1.0
k hr-1,16,1.0
10'1/M,16,1.0
10'6 /uL,16,1.0
mmol/min/mg,16,1.0
FU/min,16,1.0
ng mg-1,16,1.0
10'8pM,16,1.0
se-1,16,1.0
10'-6nanometer/s,16,1.0
pmol/ug,16,1.0
nmol.min.g-1,16,1.0
mg/min/microL,16,1.0
log10PFU,16,1.0
ug/100mg of tissue,16,1.0
ng/islet/h,16,1.0
Ci mM-1,16,1.0
/mmol,16,1.0
optical density/minute,16,1.0
%/min/pmol,16,1.0
mU/L,16,1.0
10^5/Ms,16,1.0
ug dl-1,16,1.0
mmHg/min,16,1.0
mg/min/mL,16,1.0
uM/Gy,16,1.0
equiv/uM,16,1.0
l/min/mg,16,1.0
ugA/ml,16,1.0
min.ng/g,16,1.0
10^5/ml,15,1.0
g mouse-1 on day 8,15,1.0
10^5No_unit,15,1.0
10^-5/M,15,1.0
10'-3/hr,15,1.0
air/N2,15,1.0
/nM/s,15,1.0
10^-6No_unit,15,1.0
BWC,15,1.0
/10'2cm3,15,1.0
mg uM kg day-1,15,1.0
cm**2,15,1.0
umol/kg/hr,15,1.0
mmolequiv,15,1.0
m equiv [H+] l-1,15,1.0
ng/mL.hr/(mg/kg),15,1.0
10^13L/mol.s,15,1.0
10^3uL/min/mg,15,1.0
Dilution factor,15,1.0
uM of MDA (mM of deoxyribose)-1,15,1.0
FU,15,1.0
10^-4/M,15,1.0
Angstrom,15,1.0
pmol/min/g,15,1.0
mS/cm,15,1.0
yr,15,1.0
L/mmol/s,15,1.0
mJ/m2,15,1.0
M ml-1,15,1.0
RLU/mg,15,1.0
uA.cm^-2,15,1.0
10'-4/M/s,15,1.0
10^-12M,15,1.0
picometer,15,1.0
ml/kg.hr,15,1.0
1/Maa,15,1.0
10'3/uM/s,14,1.0
mg.hr/ml,14,1.0
uS,14,1.0
nM/hr,14,1.0
10'-3cm/min,14,1.0
%mol/mol,14,1.0
10'-10mol/min,14,1.0
10^5L/mol,14,1.0
millimeter/hr,14,1.0
nmol/J,14,1.0
L/s,14,1.0
10^-3/min/uM,14,1.0
10^6/mm3,14,1.0
square millimeter,14,1.0
10'-3/microM/s,14,1.0
uA.cm'-2,14,1.0
nM/ml.hr,14,1.0
10'-1/min,14,1.0
10'-5OD/s,14,1.0
uM/day,14,1.0
microM/mg/kg,14,1.0
IU/dl,14,1.0
umol/uL,14,1.0
mM-hr,14,1.0
10'-7mol/cm2,14,1.0
10'5mM,14,1.0
mpk,14,1.0
mM (l of whole blood)-1,14,1.0
(mg of protein)-1,14,1.0
mm.mm,14,1.0
ug of B/ml,14,1.0
mg ml-1 kg-1,14,1.0
nM min-1 mg-1 mM-1,14,1.0
ug m/L,14,1.0
nmol/min/mg protein,14,1.0
nM min-1 ml-1,14,1.0
min-1 M-1,14,1.0
uM site-1,14,1.0
ml s-1,14,1.0
mg/me2,14,1.0
10'3s,14,1.0
nM hr-1 (mg of worm),14,1.0
ml-1,14,1.0
nM hr-1 (10e6*cells)-1,14,1.0
10^3/min,13,1.0
uM-1 kg-1,13,1.0
10'9CFU/g,13,1.0
ug/sq.cm,13,1.0
AU/min,13,1.0
mg/g DW,13,1.0
10^3 uM,13,1.0
%w/v,13,1.0
Ke nM-1,13,1.0
pug ml-1,13,1.0
ug.hr/ml/day,13,1.0
ng.hr/g/mg/kg,13,1.0
kDa-1,13,1.0
nM min-1 (10e6*cells)-1,13,1.0
degreeC.hr,13,1.0
umol/cm3,13,1.0
10'3/ml,13,1.0
10'-7/M,13,1.0
pmol/uL,13,1.0
10'-4 mol/L,13,1.0
hr.nM,13,1.0
delta OD340 min-1,13,1.0
10'-4m3/mol,13,1.0
ug/ml.hr^2,13,1.0
nH,13,1.0
10'-10m2/s,13,1.0
cm/min,13,1.0
hr/mL,13,1.0
10'11/M/s,13,1.0
M mouse-1,13,1.0
10^-5/nM/s,13,1.0
(ng of PGE2) (mg of protein)-1,13,1.0
ug/g.min,13,1.0
mpk/d,13,1.0
(nM of CO2) 30min-1 (mg of protein)-1,13,1.0
ug rat-1,13,1.0
mg/L.hr,13,1.0
m equiv l-1,13,1.0
ml.Kg/min,13,1.0
mg.min/dL,13,1.0
10'2/s/M,13,1.0
nmol/hr/L,13,1.0
uM of ABTS min-1,13,1.0
M/m3,12,1.0
hr2.ng/ml,12,1.0
10'-4deltaA/s,12,1.0
pM ml-1,12,1.0
uM 15min-1 mg-1,12,1.0
fmol/g,12,1.0
hr.sec,12,1.0
micrometer,12,1.0
ug.cm'-2,12,1.0
nA,12,1.0
ucat/L,12,1.0
nM stent-1,12,1.0
AUC units,12,1.0
hr.microg/ml,12,1.0
10e-4 K s-1,12,1.0
mmHg beats min-1,12,1.0
mmHg ml-1 min-1 g-1,12,1.0
10'-2k/min,12,1.0
kg.ng/ml/mg,12,1.0
mg m-1,12,1.0
10'3/cm2,12,1.0
M min-1 (M of enzyme)-1,12,1.0
10'-9PFU/ml,12,1.0
pM hr-1,12,1.0
h·fmol/million cells,12,1.0
ug l-1,12,1.0
10'3/s/M,12,1.0
10'4/s,12,1.0
TD50/MIC50,12,1.0
(ng of TXB2) (mg of protein)-1,12,1.0
rad equiv,12,1.0
micromol/s,12,1.0
10'5/cm'3,12,1.0
10^-1/min,12,1.0
10^3/M.s,12,1.0
mg/ml/kg,12,1.0
uU/ml,12,1.0
10^-6/M/s,12,1.0
no. of living cells (10E3) /mL,12,1.0
(mg of CPT) kg-1,12,1.0
ml kg-1 5hr-1,12,1.0
nM.hr/L,12,1.0
10'6/min,12,1.0
10e6 ul-1,12,1.0
10^-10mol/L,12,1.0
m equiv 4hr-1,12,1.0
c.p.m. mg-1,12,1.0
pl/min,12,1.0
((ug.h.ml-1)/(mg/kg),12,1.0
KA,12,1.0
log CFU,12,1.0
10^8/ml,12,1.0
(ug/ml)/(mg/kg),12,1.0
10^9/ml,12,1.0
mg.equiv,12,1.0
u equiv of [H+] 2hr-1,12,1.0
g.hr,12,1.0
10^-9 L min-1,12,1.0
J/mol/K,12,1.0
nmol.min,12,1.0
ka/Ks,12,1.0
fM assay-1,12,1.0
d,12,1.0
mg/kg/hr,12,1.0
L.h-1.m-2,12,1.0
microM/L.hr,11,1.0
ug/mol,11,1.0
pM well-1,11,1.0
ml/(min.mg),11,1.0
10'-6/M/s,11,1.0
uM/micrometer/s,11,1.0
mm3/day,11,1.0
uM h/mpk,11,1.0
abs/time,11,1.0
spec bound mg-1,11,1.0
10^13L/mol/s,11,1.0
10'-6mg/kg,11,1.0
10'-8mol/L,11,1.0
10'-5 mol/L,11,1.0
pfu mg-1,11,1.0
mg uM  kg-1 day-1,11,1.0
uM hr l-1,11,1.0
10-6 cm/s,11,1.0
10^3uL/min,11,1.0
deltaA/min,11,1.0
ug (100mg of duodenum)-1,11,1.0
nM (mg SR protein)-1,11,1.0
IU/g,11,1.0
10'-6cm/s,11,1.0
hr/ng.ml,11,1.0
log10CFU/ml/hr,11,1.0
pM of citrulline min-1 (mg of protein)-1,11,1.0
10'-2 cm/s,11,1.0
ug day-1 kg-1,11,1.0
pmol/uM/min,11,1.0
hr.nmol/ml,11,1.0
ng ml-1 hr-1,11,1.0
10'4nM,11,1.0
10'7log10CFU/ml,11,1.0
millimeter/sec,11,1.0
10^6/s,11,1.0
ug/Kg/min,11,1.0
pM kg-1,10,1.0
10'5mmol/min/mg,10,1.0
ug.ml-1,10,1.0
10^5/M.s,10,1.0
ml/min/m2,10,1.0
pmol.min.mg-1,10,1.0
pM of cGMP (min)-1 (mg of protein)-1,10,1.0
rel,10,1.0
mg/kg,10,1.0
pM min-1 assay-1,10,1.0
quanta*10e-18,10,1.0
10'10/M,10,1.0
micromol.hr/L/mg/kg,10,1.0
millipolarization,10,1.0
ug/ml.hr,10,1.0
/mM.s,10,1.0
U/ms,10,1.0
nmol/g/min,10,1.0
L.m-2,10,1.0
mU m l-1,10,1.0
uM min l-1,10,1.0
M 50ul-1,10,1.0
ug of tissue,10,1.0
pmol/10E6 cells,10,1.0
Karmen units,10,1.0
10'-4No_unit,10,1.0
10^-4nM,10,1.0
nmol.hr,10,1.0
ug/(min.mg),10,1.0
pCi cell-1,10,1.0
number ul-1,10,1.0
Gy,10,1.0
10^-3/hr,10,1.0
nM.min,10,1.0
pmol.min,10,1.0
u equiv hr-1,10,1.0
ug.min/g,10,1.0
10^-7cm2/sec,10,1.0
% mmHg min,10,1.0
g 100g-1,10,1.0
quanta,10,1.0
mg/dl/g,10,1.0
Counts 30min-1,10,1.0
ug m1 l-1,10,1.0
number passed,10,1.0
mg/min/kg,10,1.0
10'-5L/mol,10,1.0
10'6/M.s,10,1.0
nM min ml-1,10,1.0
1/M*s,10,1.0
10'3/mol,10,1.0
number convulsed,10,1.0
KA Units,10,1.0
mg/kg uM h,10,1.0
fM ml-1,10,1.0
ng.hr,10,1.0
10e-3 s-1,10,1.0
omegacm2,9,1.0
number,9,1.0
nM day-1 kg-1,9,1.0
nmol/kg/day,9,1.0
10'-8mol/cm2,9,1.0
microL/ml/min,9,1.0
pM 2hr-1,9,1.0
10^-7M,9,1.0
h/min,9,1.0
pM l-1,9,1.0
c.p.m./Abs,9,1.0
10^2CFU,9,1.0
10'-6uL/min,9,1.0
A570 min-1,9,1.0
10'4/ml,9,1.0
ng/dl,9,1.0
10'-6/s,9,1.0
ug/min.kg,9,1.0
ng/mL/(mg/kg),9,1.0
nM min-1 (nM of cytochrome P450)-1,9,1.0
micromol/kg,9,1.0
uM hr-1 mg-1,9,1.0
ug hr ml-1,9,1.0
pmol/min/cm2,9,1.0
uM tube-1,9,1.0
10^-5No_unit,9,1.0
10^2No_unit,9,1.0
10e3 ul-1,9,1.0
ug ml-1 ml-1,9,1.0
ul.min.nmol-1,9,1.0
uM L,9,1.0
-V,9,1.0
10'5L/mol/s,9,1.0
ug/hr,9,1.0
10^6nM,9,1.0
ug/cm2.hr,9,1.0
10'6mol/L,9,1.0
10e7 exchanged dCps (ng of DNA),9,1.0
(nM of CO2) hr-1 (mg of protein)-1,9,1.0
pmol/10^6cells,9,1.0
/M/hr,9,1.0
mg min-1 kg-1,9,1.0
ng 2hr-1,9,1.0
millimeter/mg/ml,9,1.0
mequiv/L,9,1.0
mm**-3,9,1.0
time day-1,9,1.0
10^-6 microM/s,9,1.0
nM min-1 (10e-6*cells)-1,9,1.0
10'5nM,9,1.0
uM mg-1,9,1.0
pCi mg-1,9,1.0
ug fly-1,9,1.0
10'4 /uL,9,1.0
pM min-1*ml-1,9,1.0
uM mM-1,9,1.0
L/min/umol,9,1.0
app,9,1.0
ml/hr/kg,9,1.0
10'6/uM/s,9,1.0
10e3 s-1,9,1.0
10e2 M-1 s-1,9,1.0
10'4log10CFU/ml,9,1.0
mean day of death,9,1.0
Amax nM-1,9,1.0
nmol/kg,9,1.0
M/min,9,1.0
mmHg ml-1 min-1,9,1.0
10'-4nM,9,1.0
10^12/M,9,1.0
log10RLU,9,1.0
10'-9 ug/ml,9,1.0
10'5log10CFU/ml,9,1.0
uM/min,9,1.0
10'-7No_unit,9,1.0
cm2/sec,9,1.0
ul g-1,8,1.0
deltaA/s,8,1.0
10^-8M,8,1.0
10'-2/M,8,1.0
kcal/mol/K,8,1.0
ug weight-1,8,1.0
1/ks,8,1.0
10'-3mmol/kg,8,1.0
pM ul-1,8,1.0
ug/10e6 cells,8,1.0
90 min,8,1.0
ng.hr.kg/ml/mg,8,1.0
kcat/Km,8,1.0
10'4mol/L,8,1.0
mpk day-1,8,1.0
N/total,8,1.0
nM milliunit-1,8,1.0
10'-2/microM/s,8,1.0
mg kg-1 hr-1,8,1.0
10'-3dpm,8,1.0
pM tube-1,8,1.0
deg.cm2/dmol,8,1.0
mg/Ecm,8,1.0
ng.hr.kg/ml.mg,8,1.0
cpm/uL,8,1.0
cm min-1,8,1.0
10'-7nmol/cm2/min,8,1.0
(mg/kg)/(ug/ml),8,1.0
OD/mm2,8,1.0
ml/hr.kg,8,1.0
ukat kg-1,8,1.0
%.hr,8,1.0
nmolequiv/g,8,1.0
h-1,8,1.0
Kcal/kg/day,8,1.0
10'-8/s,8,1.0
vomiting/tested,8,1.0
nanomol/min,8,1.0
nmol/hr/microg,8,1.0
pg min-1 (mg of protein)-1,8,1.0
10'-6cm/s2,8,1.0
microg.min/mL,8,1.0
10^2/ml,8,1.0
uM (g of tissue)-1,8,1.0
ug ear-1 dose-1,8,1.0
hr.nmol/g,8,1.0
10'-5/nM/min,8,1.0
mg 100g-1 24hr-1,8,1.0
RU^2,8,1.0
M of drug (M of BSA)-1,8,1.0
pg/ml/hr,8,1.0
10'1/mm2,8,1.0
mmol/L/hr,8,1.0
10'-5 cm/min,8,1.0
M min-1 mg-1,8,1.0
10'9/M/min,8,1.0
(ng/mL)/(mg/kg/day),8,1.0
dpm mg-1,8,1.0
10^5/s/M,8,1.0
(umol/L)/(mg/kg),8,1.0
g/ml/min,8,1.0
((ng/mL).hours)/(mg/kg/day),8,1.0
ng 2hr-1 (10e5*cells)-1,8,1.0
0-24hr,8,1.0
10^-3mM,8,1.0
nM/g,8,1.0
pmol/million cells,8,1.0
(umol.h/L)/(mg/kg),8,1.0
nmol/mg.hr,8,1.0
*10e6,8,1.0
10^3/uM/s,8,1.0
10^3(1/Ms),8,1.0
microL/min/kg,8,1.0
nmol/mouse,8,1.0
M (M of tubulin)-1,8,1.0
pM forebrain-1,8,1.0
mutants (10e4*survivors)-1,8,1.0
nM/unit,7,1.0
uL min-1 mg-1,7,1.0
ug/10e6,7,1.0
mean,7,1.0
uM.min.kg/mg,7,1.0
10^-5/M/s,7,1.0
uM g kg-1,7,1.0
10^10/M,7,1.0
10^-2No_unit,7,1.0
ug embryo-1,7,1.0
umol/cm2/hr,7,1.0
%/mmol,7,1.0
uM.hr.mg/kg,7,1.0
10e6 F,7,1.0
m/3h,7,1.0
10^-4/M/s,7,1.0
(mg of base) 20g-1,7,1.0
10'5/mm3,7,1.0
rotations min-1,7,1.0
kBq/cm3,7,1.0
ng/kg/day,7,1.0
eV,7,1.0
pM (10e5*cells)-1,7,1.0
10^7/g,7,1.0
pM s-1 mg-1,7,1.0
L/hr.Kg,7,1.0
ml 2hr-1,7,1.0
pS,7,1.0
uM.kg/diet,7,1.0
uL/min/U,7,1.0
%.min,7,1.0
min.uM,7,1.0
10'2/s.M,7,1.0
uM hr-1 ml-1,7,1.0
10'-10M,7,1.0
ug/ml.hr'2,7,1.0
min.ug/ml/(mg/kg),7,1.0
nmol/g.min,7,1.0
min-1 hr-1,7,1.0
PuM,7,1.0
% injected dose cm**-3,7,1.0
10'7CFU/g,7,1.0
1/M*1/S,7,1.0
-1/min,7,1.0
fg,7,1.0
mM.min,7,1.0
10'6/Ms,7,1.0
ug rat-1 hr-1,7,1.0
PFU.mL-1,7,1.0
10'3log10CFU/ml,7,1.0
units ml-1,7,1.0
uM min-1 (ug of protein)-1,7,1.0
microM/hr/mg,7,1.0
10'-4mg/ml,7,1.0
uM min-1 unit-1,7,1.0
umol/dm'2,7,1.0
10^-4ml/g/s,7,1.0
ppm g dm**-3,7,1.0
10^7/ml,7,1.0
m M-1 hr-1,7,1.0
10'-1/hr,7,1.0
10^1/Ms,7,1.0
10'5AU/sec,7,1.0
mgequiv/g,7,1.0
10^2/Ms,7,1.0
10'8CFU/ml,7,1.0
g/hr,7,1.0
fM g-1,6,1.0
(mg of base) kg-1,6,1.0
days (optimal dose)-1,6,1.0
mM min-1,6,1.0
(ug of misoprostol) kg-1,6,1.0
10^4 uM,6,1.0
uL/g.min,6,1.0
pM hr-1 mg-1,6,1.0
W,6,1.0
10^13/M/sec,6,1.0
cmH2O/ms,6,1.0
J,6,1.0
mU mg-1,6,1.0
uL/g,6,1.0
nM equiv (ml of blood)-1,6,1.0
m M-1 min-1,6,1.0
U/mg/uM,6,1.0
Kg.mg.hr/L.mg,6,1.0
uM.hr/mg,6,1.0
ml/hr/mg,6,1.0
nM equiv (ml of urine)-1,6,1.0
(mg/kg)/(ng/ml)/hr,6,1.0
nM hr-1 (mg of protein)-1,6,1.0
pA2,6,1.0
10'2/s,6,1.0
10'13/M/sec,6,1.0
(g kidney)-1,6,1.0
10^-3No_unit,6,1.0
10'6/100microL,6,1.0
10e3 um2,6,1.0
10'-8mol/min,6,1.0
mV/ms,6,1.0
/cm,6,1.0
ngequiv,6,1.0
L/mg,6,1.0
nmol/min/U,6,1.0
10^2/M,6,1.0
s-1 min-1,6,1.0
10'-7mol/L,6,1.0
uL/OD/min,6,1.0
nM min-1 g-1,6,1.0
10'-4g/L,6,1.0
mg monkey-1 day-1,6,1.0
10^6/M.s,6,1.0
10'3ml/min,6,1.0
Momega,6,1.0
10^2 nM,6,1.0
uL/min/nmol,6,1.0
Kb M-1,6,1.0
ng.eq.h.ml-1,6,1.0
nM equiv mg-1,6,1.0
molar fraction,6,1.0
ml mg-1 kg-1,6,1.0
(ug of base) ml-1,6,1.0
pM/10e9,6,1.0
pM min-1 (g dry weight)-1,6,1.0
umol/mol,6,1.0
U/uM,6,1.0
(mg of prostate) (100g of body weight)-1,6,1.0
nM.hr/g,6,1.0
T-C,6,1.0
mL/min/m2,6,1.0
cysts g-1,6,1.0
amol/cell.min,6,1.0
gAe/L,6,1.0
10'-7/hr,6,1.0
ug min l-1,6,1.0
mg/ng/ml,6,1.0
pmol/min/pmol,6,1.0
10^-8M/s,6,1.0
Svedberg,6,1.0
um3/um2/day,6,1.0
mBq,6,1.0
uM 100ml-1,6,1.0
ml/min/nmol,6,1.0
nmol/mg protein/h,6,1.0
mg kg-1 4day-1,6,1.0
cal/mol/K,6,1.0
MFU,6,1.0
KA/dl,6,1.0
10'-4/uM/s,6,1.0
-mV,6,1.0
g dl-1M-1,6,1.0
a.u,6,1.0
10^2/s,6,1.0
eggs/g,6,1.0
AU/mm,6,1.0
10'11L/mol/s,6,1.0
10'-2ppm,6,1.0
pM (2*10e6*cells)-1,6,1.0
Papp* 10E6 cm/s,6,1.0
10'-4 cm/min,6,1.0
10'-5mg/ml,6,1.0
kU,6,1.0
million,6,1.0
cpm/mm2,6,1.0
delta A/min,6,1.0
uM.h. kg/mg,6,1.0
1/M.s,6,1.0
/nM,6,1.0
Not_given,6,1.0
u-1 hr-1 ml-1,6,1.0
units/assay,6,1.0
10'-8mol,6,1.0
number of descendants/number of tested,6,1.0
ml d-1,6,1.0
% dpm,6,1.0
hr.hr.ug/ml,6,1.0
AU mm-1,6,1.0
umol/L/s,6,1.0
/10'3mm'-3,6,1.0
ug/kg/day,6,1.0
10'-6mmol/L,6,1.0
mutants ug-1,6,1.0
pH7.4,6,1.0
10^9/M,6,1.0
umol cm2/hr,6,1.0
pM hr-1 g-1,6,1.0
ml/s/g,6,1.0
10^-1microM,6,1.0
uL/min/10e6 cells,6,1.0
fM ug-1 min-1,6,1.0
10^8/g,6,1.0
mh/kg,6,1.0
fM uterus-1,6,1.0
ug mg-1 kg-1,6,1.0
10^8/M/s,6,1.0
10^2pM,6,1.0
number of cells ml-1,6,1.0
10^-3/M/s,5,1.0
uM.hr/day,5,1.0
mg (g of tissue)-1,5,1.0
area/min/mg,5,1.0
10^8/M/min,5,1.0
10^-10No_unit,5,1.0
nL/pmol/min,5,1.0
bts min-1,5,1.0
toxicity,5,1.0
pmol/Kg,5,1.0
liposomes ml-1,5,1.0
dyn/cm,5,1.0
10^7No_unit,5,1.0
10'7/g,5,1.0
pmol/E109 cells,5,1.0
ng/ml/hr,5,1.0
uM min uM-1,5,1.0
nM min-1 cm**-2,5,1.0
%Idose/kg,5,1.0
ml/min.mg,5,1.0
10'10/M/s,5,1.0
10^8No_unit,5,1.0
log(1/M),5,1.0
umol.hr/kg,5,1.0
g/hr/kg,5,1.0
nanometer2/sec,5,1.0
10'-4umol/ml,5,1.0
10^1/M/s,5,1.0
10^-5M,5,1.0
mM (mg of protein)-1,5,1.0
mg/kg/min,5,1.0
10'5CFU/ml,5,1.0
10^3L/mol,5,1.0
mg/uL,5,1.0
mL/mg/kg,5,1.0
10^-6nanometer/s,5,1.0
ng day-1,5,1.0
10'-7mol,5,1.0
10'-1ppm,5,1.0
ug 100ml-1,5,1.0
uM hr ml-1,5,1.0
uM uM-1,5,1.0
N/mm,5,1.0
nmol/min/nmol,5,1.0
10'-2nmol,5,1.0
deltalog10pfu/g,5,1.0
pmol.hr,5,1.0
10'5pM,5,1.0
mm**3 day-1,5,1.0
10^-2nM,5,1.0
pmg kg-1,5,1.0
mAU ml-1,5,1.0
mg kg-1 dose-1,5,1.0
10^-7No_unit,5,1.0
pKi,5,1.0
(mg/kg)/(uM),5,1.0
microM.hr^2,5,1.0
Pmol,5,1.0
10^3/s,5,1.0
hr.ng/L,5,1.0
mJ,5,1.0
ug h/g,5,1.0
min.sec,5,1.0
mg/min/g,5,1.0
10'11PFU,5,1.0
(mg)/(ug/ml)/hr,5,1.0
pmol/min.ug,5,1.0
pmol/10E9 cells,5,1.0
min.ug/ml,5,1.0
M min-1,5,1.0
deltalog10CFU/ml.hr,5,1.0
10^-6 uM,5,1.0
disintegrations/min,5,1.0
10^6/s/M,5,1.0
mg cm-1,5,1.0
mg.hr/kg,5,1.0
10^-8No_unit,5,1.0
10^9/s/cm2,5,1.0
10^3/s/M,5,1.0
nM.hr/ml,5,1.0
ng/ml/mg,5,1.0
hr.kg.ug/ml/mg,5,1.0
mcg/mL,5,1.0
10'-8mol/kg,5,1.0
fM cell-1,5,1.0
10'5/uL,5,1.0
nM-1 min-1 (mg of protein)-1,5,1.0
ml/mm/kg,5,1.0
10'-3umol/min,5,1.0
pM 10min-1,5,1.0
L/m2,5,1.0
ml/cm3/min,5,1.0
mM hr-1,5,1.0
umol/min/ml,5,1.0
g/mm,5,1.0
pmol/(s.cm2),5,1.0
umol/l.hr,5,1.0
M.hr.kg/mg,5,1.0
Ci/M,5,1.0
10^4cal/mol,5,1.0
%ID.m^-2,5,1.0
10'-6microL,5,1.0
10'3ug/ml,5,1.0
mM min,4,1.0
10^3/Ms,4,1.0
Molecules (LDL particle)-1,4,1.0
mg/mm3,4,1.0
ng mg-1 hr-1,4,1.0
mg/ml/g,4,1.0
IU uM-1,4,1.0
AB cm/s,4,1.0
ng/mL.kg,4,1.0
10'-3ppm,4,1.0
mg day-1,4,1.0
% hr-1,4,1.0
10'-13 ug/ml,4,1.0
nmol/min/ug,4,1.0
10^-4/uM/min,4,1.0
g/hm2,4,1.0
10'-4nmol,4,1.0
nmol of MDA/mg of LDL,4,1.0
Karmen,4,1.0
ml/min/uL,4,1.0
ng/dL,4,1.0
10'-3 log10CFU/ml/hr,4,1.0
10'-12/M/s,4,1.0
(nM of vector) (ug of DNA)-1,4,1.0
g/min,4,1.0
ml s-1 (10e4*g)-1,4,1.0
(nM of XMP formed) hr-1 (mg of protein)-1,4,1.0
L/hr/1.73 m2,4,1.0
10'-1mg/ml,4,1.0
nM MDA (mg LDL)-1,4,1.0
kcps,4,1.0
nmol/ mL h,4,1.0
nM min-1 (unit XOD)-1,4,1.0
ml rat-1 day-1,4,1.0
PFU/ml,4,1.0
uUnits ml-1,4,1.0
g %,4,1.0
fmol/uL,4,1.0
ml/min/hr,4,1.0
dp/dt,4,1.0
L (M min)-1,4,1.0
mmol/m2/s,4,1.0
pMl hr-1,4,1.0
nmol/hr.cm2,4,1.0
nmol/L.min,4,1.0
nanometer/sec,4,1.0
dpm ml-1,4,1.0
10'-10 uM,4,1.0
number min-1,4,1.0
mmol.L/hr,4,1.0
ng/islet/1h,4,1.0
pM U-1 min-1,4,1.0
ug/L.hr,4,1.0
milliosmole,4,1.0
microg.hr/mL.g,4,1.0
uL/cm2,4,1.0
10'-4AU/sec,4,1.0
M/uL,4,1.0
mg/(ng/ml)/min,4,1.0
10'-14 ug/ml,4,1.0
g rat-1 day-1,4,1.0
10'-5AU/sec,4,1.0
kg-1 hr-1,4,1.0
/kM/s,4,1.0
uM hr,4,1.0
10'4CFU/ml,4,1.0
min/mL,4,1.0
ml 20min-1,4,1.0
10^-10M,4,1.0
AU/L,4,1.0
AU.min/L,4,1.0
uM h/(mg/kg),4,1.0
ug/g.hr,4,1.0
300mg kg-1,4,1.0
10^-6/cm,4,1.0
100mg kg-1,4,1.0
RFU/ug/min,4,1.0
microg/g,4,1.0
uM/kg,4,1.0
nmol/g/uM,4,1.0
mg kg-1 p.o.,4,1.0
10'9uL,4,1.0
10'6uL,4,1.0
mgequiv/ml,4,1.0
uL/sec/g,4,1.0
10'5L/M,4,1.0
ml/kg/hr,4,1.0
10^3uM,4,1.0
nM.min/ml,4,1.0
pM hr-1 (mg of protein)-1,4,1.0
min.ng/L,4,1.0
10'-8mg/ml,4,1.0
(mg/kg)/(ng/ml),4,1.0
mg/uM,4,1.0
10^4/M.s,4,1.0
mg/10g body weight,4,1.0
U/g.Hb,4,1.0
ROI,4,1.0
10^4nM.min,4,1.0
min-1 s-1,4,1.0
10'3L/M,4,1.0
kg.mg/L.mL,4,1.0
10^-7/s,4,1.0
hr.ug/g,4,1.0
ug cm**-3,4,1.0
10'9/s/cm2,4,1.0
uM mouse-1,4,1.0
pM/mg,4,1.0
mIU/L,4,1.0
M-min,4,1.0
10e3*k,4,1.0
10^-11No_unit,4,1.0
fmol/ug,4,1.0
m/M,4,1.0
mg.kg/inj,4,1.0
uL/min.ml,4,1.0
ug .h/g,4,1.0
10^-3mg/ml,4,1.0
10'4OD/sec,4,1.0
10'2/mol/s,4,1.0
pmol/mm3,4,1.0
10e-6*s cm-1,4,1.0
/RU/s,4,1.0
uCi min ml-1,4,1.0
microM/microg/sec,4,1.0
ms-1,4,1.0
((mmol/day)/100g),4,1.0
cm'-6/s,4,1.0
10'2No_unit,4,1.0
uM.min/ml,4,1.0
mU.nmol/h,4,1.0
dP/dtmax,4,1.0
mg kg-1 i.d.,4,1.0
/nM.min,4,1.0
10^1pg/ml,4,1.0
nmol.hr/kg,4,1.0
10^9(p/s)(uW/cm^2),4,1.0
pg/ml/min,4,1.0
10'-8m/s,4,1.0
10e4*cm min-1,4,1.0
1/Pmax,4,1.0
10'3kdyun/cm3,4,1.0
hr.%ID/ml,4,1.0
mg/m3,4,1.0
g-1 min-1 ml-1,4,1.0
mg.min/m3,4,1.0
% delta,4,1.0
mAU/min/uM,4,1.0
hr.kg.L,4,1.0
10^5L/mol/s,4,1.0
U/dl,4,1.0
umol/kg.min,4,1.0
cells mouse-1,4,1.0
pmol/min/10^6cells,4,1.0
ug/10^6 cells,4,1.0
pmol.min/mg,4,1.0
nl min-1,4,1.0
pmol/min.ml,4,1.0
Cdyn,4,1.0
hr/L.kg,4,1.0
mIU/ml,4,1.0
uM min-1 ml-1,4,1.0
RL,4,1.0
10^-1/M/s,4,1.0
inches,4,1.0
10'-5umol/ml,4,1.0
10'7CFU,4,1.0
10e-5*cm/min,4,1.0
u equiv 2hr-1,4,1.0
L/mol/min,4,1.0
mmHg/L.min,4,1.0
uL/hr/10^6cells,4,1.0
g kg-1,4,1.0
10'6CFU/ml,4,1.0
1/Pmax s,4,1.0
14-21 day,4,1.0
10^6CFU,4,1.0
(nM of CO2) hr-1 mg-1,4,1.0
10'-4M/ml,4,1.0
nM U-1 hr-1,4,1.0
10'-5 uM/s,4,1.0
10E3*1/M*1/s,3,1.0
mg.min/L,3,1.0
min uM-1,3,1.0
cmH2O,3,1.0
10'-5No_unit,3,1.0
ng.hr2/ml,3,1.0
mol/L/min,3,1.0
10^3CFU/mg,3,1.0
10'-8No_unit,3,1.0
(mg/kg)/(ug/ml).hr,3,1.0
10E-2*1/s,3,1.0
microM/Kg,3,1.0
TS,3,1.0
mg uM (kg of body weight)-1,3,1.0
10^4CFU/ml,3,1.0
10'-4umol/min/U,3,1.0
nM hr-1,3,1.0
10^6m/s,3,1.0
uM h/dose,3,1.0
pM (4 min)-1 (mg of protein)-1,3,1.0
mm/m/s,3,1.0
g/cm,3,1.0
nmol/100.000 cells x h,3,1.0
mg kg-1 uM-1 hr-1,3,1.0
10'-6umol/ml,3,1.0
ml beat-1 kg-1,3,1.0
mL,3,1.0
pmol adducts/mg DNA,3,1.0
mg/cubic cm,3,1.0
10E3*1/M,3,1.0
uM/min/uL,3,1.0
umol/g tissue,3,1.0
1E4/M,3,1.0
10'-3OD/min,3,1.0
10^12L/mol,3,1.0
10'5CFU,3,1.0
Mequiv,3,1.0
10'-5cm/hr,3,1.0
uM x h/dose,3,1.0
10'6pM,3,1.0
10'10CFU,3,1.0
ms/s1/2,3,1.0
10^-2/M/s,3,1.0
mg/dl.hr,3,1.0
Kg/hr.m2,3,1.0
nCi/cc,3,1.0
10'1/s/M,3,1.0
U/min/nM,3,1.0
10'-13/s,3,1.0
L/hr/m2,3,1.0
10^-3L/mol/min,3,1.0
pmol/h,3,1.0
accumulated counts 30min-1,3,1.0
10'11L/mol,3,1.0
10'13L/mol,3,1.0
mEq/dL,3,1.0
ng/mL.hr'2,3,1.0
10^5cal/mol,3,1.0
TI,3,1.0
10'2log10CFU/ml,3,1.0
10'3cm,3,1.0
mmHg ml-1 min-1 kg-1,3,1.0
nmol/mL,3,1.0
umol/min/g,3,1.0
cm (10e3*hr)-1,3,1.0
10'-15 ug/ml,3,1.0
block/treat,3,1.0
dec,3,1.0
L/ha,3,1.0
microA,3,1.0
10'7pM,3,1.0
nmol/mg LDL,3,1.0
%Idose/L,3,1.0
ng/10^6 cells × hr,3,1.0
kcal/mol.K,3,1.0
mM-1s-1,3,1.0
microM/g,3,1.0
uh ml-1,3,1.0
nM/ml.min,3,1.0
cps/nM,3,1.0
ng/mg prot.,3,1.0
mg cm**-2,3,1.0
(mM of AZT) (mg k-carrageenan)-1,3,1.0
Counts/minute,3,1.0
ms s-1,3,1.0
10'-4 ug/cm2,3,1.0
a.u.L/mol.cm,3,1.0
uM J-1,3,1.0
dB,3,1.0
10'-3mol%,3,1.0
mg/ng/ml/hr,3,1.0
ml/mg,3,1.0
nCi g-1,3,1.0
score,3,1.0
10^3CFU/ml,3,1.0
ug hr-1 kg-1,3,1.0
microm2/micrometer/d,3,1.0
c.p.m. (mg of melanin)-1,3,1.0
10-6 cm s-1,3,1.0
10'7nM,3,1.0
um3/um2/yr,3,1.0
EU/mg,3,1.0
mg mg-1,3,1.0
"%,%",3,1.0
10^-6nmol,3,1.0
pIC50,3,1.0
uL/g/min,3,1.0
min1 M1,3,1.0
ng/(hr.mL.mg.kg),3,1.0
10'10L/mol/s,3,1.0
10^-5 ug/ml,3,1.0
pmol/OD,3,1.0
10^5uM,3,1.0
10'-2 mol/L,3,1.0
10^-2/mM/s,3,1.0
nM/mgM,3,1.0
nmol.L-1,3,1.0
pH,3,1.0
kN/m2,3,1.0
10^4/s,3,1.0
M (M of enzyme)-1,3,1.0
Counts hr-1,3,1.0
10^-8/s,3,1.0
10^11/M/s,3,1.0
10'-3g/L,3,1.0
d se-1,3,1.0
RLU (mg of protein)-1,3,1.0
10^4/s/M,3,1.0
pgequiv/ml,3,1.0
10^12L/mol.s,3,1.0
bpm.hr,3,1.0
nmol of acetaldehyde(AcH) oxide per minute per mg of protein,3,1.0
10^-4/hr,3,1.0
nmol/min.uM,3,1.0
microM.hr.kg/umol,3,1.0
10'6/mol,3,1.0
10'8CFU/g,3,1.0
*10e6/s,3,1.0
pD2,3,1.0
ng/min,3,1.0
10^9CFU/ml,3,1.0
10^-4 uM/s,3,1.0
10'3/min,3,1.0
10'-5deltaA/s,3,1.0
10'5uM,3,1.0
pmol/OD/min,3,1.0
10'-1nmol,3,1.0
10'4M,3,1.0
10'4/mol,3,1.0
10'7CFU/ml,3,1.0
nM (nM of NOS),3,1.0
10^-4M,3,1.0
uM.hr.kg,3,1.0
nM min-1 unit-1,3,1.0
FU uM-1,3,1.0
FU min-1 uM-1,3,1.0
nM Pi min-1 (mg of protein)-1,3,1.0
10^-3/M/min,3,1.0
10'-16M,3,1.0
ug/ml/hr,3,1.0
nM/mg of dry wt,2,1.0
10'-6cm,2,1.0
l min-1,2,1.0
pEC50,2,1.0
L/min.mmol,2,1.0
10^2pg/ml,2,1.0
L/hr/mg,2,1.0
10'-2M,2,1.0
mol/min/L,2,1.0
10e-3mm,2,1.0
10E3/mm3,2,1.0
mol/dm3,2,1.0
10^3pg/ml,2,1.0
mL/min.umol,2,1.0
10^-5M/min,2,1.0
10'-11M,2,1.0
ng/mL.hr^2,2,1.0
10'-7cm2/sec,2,1.0
10'-6/hr,2,1.0
10^8M,2,1.0
cm/hr,2,1.0
10'-5g,2,1.0
hr/L/kg,2,1.0
10^-8mol,2,1.0
10'-5m3/mol,2,1.0
10'-5/min,2,1.0
10^3cal/mol/degree,2,1.0
ug brain-1,2,1.0
nmol ofpHB/min/mgof protein,2,1.0
hr2.ug/g,2,1.0
mg kg-1 diet,2,1.0
10^-6/nM/s,2,1.0
/ 5,2,1.0
mg/ml/hr,2,1.0
10'6uM,2,1.0
10^10No_unit,2,1.0
10'-4/min.mol%'-4,2,1.0
10'-7/M/s,2,1.0
10^2cal/mol/degree,2,1.0
mg.hr/L,2,1.0
10^5/g,2,1.0
10'-11 ug/ml,2,1.0
L/kg/hr,2,1.0
10'-9mol/L,2,1.0
uM.h/dose,2,1.0
10^5/mm3,2,1.0
uM.h/L,2,1.0
ug.hr2/L,2,1.0
10^1/M,2,1.0
kg/kg,2,1.0
hr.hr.ng/g,2,1.0
mg/hr/dl,2,1.0
umol.min,2,1.0
mg/min/dl,2,1.0
ul ml-1,2,1.0
10'2 uM/s,2,1.0
10'-2/Ms,2,1.0
L (min mg)-1,2,1.0
(ml of NaOH) min-1,2,1.0
cpm/min,2,1.0
rat,2,1.0
/min/uL,2,1.0
nmol/min*mg of protein,2,1.0
10'-5M/min,2,1.0
10^-1M,2,1.0
10'-3umol/min/U,2,1.0
10^9No_unit,2,1.0
10'2/ml,2,1.0
CC/OC,2,1.0
U s-1,2,1.0
(null),2,1.0
dg/ml,2,1.0
10^-10m2/s,2,1.0
pg 5ul-1,2,1.0
pmol/microM,2,1.0
10'-6mM/min,2,1.0
10'1/M/s,2,1.0
10'9/s,2,1.0
ug/embryo,2,1.0
kHz,2,1.0
min/ml/hr,2,1.0
1/(M*min),2,1.0
g/cm3,2,1.0
ug .hr/g,2,1.0
uM day-1,2,1.0
10^5CFU,2,1.0
umol/kg/h,2,1.0
nmol/ml.hr,2,1.0
10^9CFU,2,1.0
nM hr-1 ml-1,2,1.0
/us,2,1.0
10'-9No_unit,2,1.0
L.h/kg,2,1.0
l/hr,2,1.0
10'9PFU,2,1.0
ngequiv.hr/ml/mg,2,1.0
mU min dl-1,2,1.0
obs,2,1.0
10^-4/uM/s,2,1.0
ug/min/cm2,2,1.0
10'-6mol/min/ug,2,1.0
microM.hr,2,1.0
10'-3nmol/min,2,1.0
nM hr-1 kg-1,2,1.0
10'2mol/L,2,1.0
10'-4abs/s,2,1.0
g-1,2,1.0
microg/dm2,2,1.0
10'1/s,2,1.0
mCi animal-1,2,1.0
ug h ml-1 kg-1,2,1.0
10^-5/mM/s,2,1.0
10'-5/s/uM,2,1.0
abs/uL,2,1.0
14 day,2,1.0
kiloU/hr,2,1.0
uU ml-1,2,1.0
10^2kJ/mol,2,1.0
L/1.73 m2,2,1.0
10^-20No_unit,2,1.0
100uM,2,1.0
1/M1/S,2,1.0
ppm/g/hr,2,1.0
0-tIdc,2,1.0
0-infinity,2,1.0
10'-1mol/L,2,1.0
(degrees C)-1,2,1.0
10'-4 uM/s,2,1.0
fM mg-1 protein,2,1.0
10'-9mol/cm2,2,1.0
KJ/(mol.K),2,1.0
umol/l.min,2,1.0
pM assay-1 hr-1,2,1.0
10'-5/RU/s,2,1.0
microM.hr'2,2,1.0
mg/hr,2,1.0
ng min,2,1.0
day.ng/ml,2,1.0
l/hr.kg,2,1.0
nanometer,2,1.0
ugequiv.hr/ml,2,1.0
dpm dl-1,2,1.0
nM kg,2,1.0
pmol/(min.ug),2,1.0
/abs/min,2,1.0
mg kg-1 b.i.d.,2,1.0
10^5/min/M,2,1.0
10^-8nmol,2,1.0
pmol/min/ml,2,1.0
10'-3cm/s,2,1.0
U (g of tissue)-1,2,1.0
10'-9/min,2,1.0
range,2,1.0
dpm (mg of protein)-1,2,1.0
M min-1 kg-1,2,1.0
L.hr/kg,2,1.0
g/mol,2,1.0
cps/ml,2,1.0
Gy/MBq,2,1.0
10'-3microL,2,1.0
10'-8 /no of units.cm'3,2,1.0
0-10,2,1.0
(nmol.h.L-1)/(mg/kg),2,1.0
ng mL-1,2,1.0
fM mg-1 day-1,2,1.0
Me-3,2,1.0
day-1,2,1.0
10'8nM,2,1.0
(umol/L).min,2,1.0
U M-1 s-1,2,1.0
nmol/cm2/hr,2,1.0
uL/(min.pmol),2,1.0
relative signal,2,1.0
1/M MIC,2,1.0
1/nM.1/min,2,1.0
10^-3/uM/min,2,1.0
mgAi,2,1.0
10'-3deltaA/s,2,1.0
cm/day,2,1.0
ug min g-1,2,1.0
10^8(p/s/cm^2/sr)/(uW/cm^2),2,1.0
pmol·min/mg,2,1.0
10'-2 ug/cm2,2,1.0
hr.mmol,2,1.0
10'7/s/microM,2,1.0
uM*h*kg/mg,2,1.0
abs/hr,2,1.0
Kcal/kg/hr,2,1.0
10^-5/nM/min,2,1.0
uM-1 min**-2,2,1.0
10^-3/nM/min,2,1.0
ug/uL,2,1.0
10'-1microM,2,1.0
ng hr ml-1,2,1.0
10'6Lmol,2,1.0
1/minute,2,1.0
10'-4L/min,2,1.0
Pi,2,1.0
ng h/ mL,2,1.0
dpm/ml,2,1.0
10'-7cpm/min,2,1.0
mg rat-1,2,1.0
mmol/L.min,2,1.0
10'2CFU/ml,2,1.0
10'9/g,2,1.0
10^4CFU,2,1.0
No. of mice tumor free,2,1.0
10'2/Ms,2,1.0
ug.hr/L,2,1.0
10'3pM,2,1.0
10^-4cm/hr,2,1.0
10'5PFU,2,1.0
10^2 ug/ml,2,1.0
10'-3mol/mol,2,1.0
/mol.dm'3,2,1.0
10^-4 ug/ml,2,1.0
10^3ug/ml,2,1.0
(pM of product) min-1 (mg of protein)-1,2,1.0
(ul of blood) (2ml BALF)-1,2,1.0
10'9CFU,2,1.0
gAi/L,2,1.0
pM equiv kg-1 6hr-1,2,1.0
10'-6m/s,2,1.0
10^14L/mol/s,2,1.0
10'2/M/min,2,1.0
ha2,2,1.0
10^3CFU,2,1.0
10^4cm2/sec,2,1.0
10'7/M.s,2,1.0
mmHg.day,2,1.0
pg kg-1,1,1.0
10^8CFU/ml,1,1.0
10^-6/mM/s,1,1.0
ng/cm2/h,1,1.0
10^-5cm/hr,1,1.0
10^13/M,1,1.0
10^6cal/mol,1,1.0
10^-4 mol/L,1,1.0
10^7.99CFU/g,1,1.0
10^13L/mol,1,1.0
10^-7/hr,1,1.0
10^-12/min,1,1.0
uL/hr,1,1.0
mg/hr/kg,1,1.0
10^3kJ/mol,1,1.0
ng/nL.hr,1,1.0
10^7.67CFU/g,1,1.0
10^-52M,1,1.0
10^-3M,1,1.0
E^-1%,1,1.0
uM/L.min,1,1.0
10^-6cm2/s,1,1.0
10^3log10CFU/ml,1,1.0
10^10L/mol/s,1,1.0
deltaOD/hr,1,1.0
10^7/M.s,1,1.0
10^4uL/min/mg,1,1.0
10^-4L/hr/kg,1,1.0
mM/L,1,1.0
10^-3umol/L,1,1.0
10^7CFU,1,1.0
10^-9/min,1,1.0
10^-5L/mol,1,1.0
10^9/M/min,1,1.0
nanometer2,1,1.0
nM 3s-1 (mg of protein)-1,1,1.0
10^4CFU/mg,1,1.0
10'-4umol/L,1,1.0
(mg/kg)/(microg/ml)/hr,1,1.0
10^4log10CFU/ml,1,1.0
10^-11/min,1,1.0
/microsec/nM,1,1.0
AU/sec,1,1.0
10^6IFU/ml,1,1.0
10^6CFU/ml,1,1.0
10^5CFU/ml,1,1.0
10^7IFU/ml,1,1.0
10^3/cm2,1,1.0
10^-5mg/ml,1,1.0
10^-8/M/s,1,1.0
10^5PFU/g,1,1.0
10^-5/min,1,1.0
10^-2M,1,1.0
mg/mm,1,1.0
10^-3micromol/ml,1,1.0
10e-6ul-1,1,1.0
10^7CFU/g,1,1.0
10^2CFU/ml,1,1.0
ug ul-1,1,1.0
10^-6 ug/ml,1,1.0
10^-4mg/ml,1,1.0
pg/ug,1,1.0
10^1/mm2,1,1.0
10^1/s,1,1.0
E^1%,1,1.0
10^-6cm/min,1,1.0
/10^3mm3,1,1.0
10^-15M,1,1.0
pg/uL,1,1.0
ug kg-1 min-1,1,1.0
log-2,1,1.0
10'2L/mol,1,1.0
10'-1/M/s,1,1.0
10'8Lmol,1,1.0
10'8M,1,1.0
mN,1,1.0
ng ml kg-1,1,1.0
uM/hr/Kg/mg,1,1.0
pM/mg/hr,1,1.0
kg,1,1.0
mg kg-1 day-1 b.i.d.,1,1.0
10e4min-1,1,1.0
10'2pg/ml,1,1.0
10'-9cm/s,1,1.0
pcm s-1,1,1.0
10'-29M,1,1.0
diameter mm,1,1.0
AUD30min,1,1.0
number of dead animals,1,1.0
10'-5min,1,1.0
10'-4min,1,1.0
IU/ml/hr,1,1.0
mM/hr,1,1.0
mCi/M,1,1.0
10^-6m/s,1,1.0
10^3/mM/s,1,1.0
sites cell-1,1,1.0
ug equiv ml-1,1,1.0
10^-17M,1,1.0
MST,1,1.0
10^2/M/min,1,1.0
10'-8M/s,1,1.0
10'11/M,1,1.0
ug animal-1,1,1.0
nM animal-1,1,1.0
uM Pi/min/mg protein,1,1.0
10'-7mol/kg,1,1.0
pKa,1,1.0
10'-6microg/cm2,1,1.0
10'7L/mol,1,1.0
10'2umol/kg,1,1.0
micromol/dl,1,1.0
%mg,1,1.0
U/ml/min,1,1.0
U/min/ml,1,1.0
pmg kg-1 day-1,1,1.0
10'-4microL,1,1.0
*10e-3,1,1.0
10'-2microL,1,1.0
(m equiv [Na+]) kg-1,1,1.0
uM kg-1 s.c.,1,1.0
mg g-1 day-1,1,1.0
(m equiv [Na+]) 5hr-1 kg-1,1,1.0
mg-1 kg-1,1,1.0
10'-5L/min,1,1.0
Osm/kg,1,1.0
10'7/s,1,1.0
10'5mol/L,1,1.0
pnM,1,1.0
(ml/min)/kg,1,1.0
ng/min/kg,1,1.0
hr.nmol/L,1,1.0
1/M1/s,1,1.0
hkg,1,1.0
10'-3nmol,1,1.0
10'-5nmol,1,1.0
10'1 ug/ml,1,1.0
10'-4ppm,1,1.0
10'-3 ug/cm2,1,1.0
min.g/L,1,1.0
10'-10s,1,1.0
10'7/s/M,1,1.0
mmol.h/L,1,1.0
pM/min/mg,1,1.0
pM/min/ml,1,1.0
1/mg.1/kg.1/day,1,1.0
10E6/mm3,1,1.0
mg/gof liver,1,1.0
nmol of pHB/min/mg of protein,1,1.0
pg/dl,1,1.0
10^4nM,1,1.0
ng/min/dl,1,1.0
ug/hr.ml,1,1.0
10^6/g,1,1.0
uM.hr/L,1,1.0
10'-7mol/s,1,1.0
mg/kg/microM.hrs,1,1.0
pg.hr/ml,1,1.0
10^-2/Ms,1,1.0
lL/min/million,1,1.0
uN h kg/mg,1,1.0
mg L-1,1,1.0
dyn.s.cm'-5.10'4,1,1.0
10'7/mol,1,1.0
10'14/M/s,1,1.0
HB g ml-1,1,1.0
uCi/ml,1,1.0
nM/L.hr,1,1.0
10'-6pmol,1,1.0
10'-11/M,1,1.0
fM bound (mg of protein)-1,1,1.0
0-tldc,1,1.0
weight,1,1.0
CPP/GLY,1,1.0
/10^6mm3,1,1.0
ml/cm,1,1.0
/min.uM,1,1.0
10'10M,1,1.0
10'-9/M,1,1.0
t/2,1,1.0
SBP,1,1.0
DIUR,1,1.0
Na2,1,1.0
%ID/mg/ml,1,1.0
10'-1umol/L,1,1.0
Ci/mmol,1,1.0
pM/mg/minute,1,1.0
10'3mmol/min/mg,1,1.0
10'-5/min.mol%'-4,1,1.0
10'-10L/mol,1,1.0
10'-9L/mol,1,1.0
10'-8cpm/min,1,1.0
10'7M/s,1,1.0
10'-3No_unit,1,1.0
10'-18No_unit,1,1.0
ug m-1 min-1,1,1.0
10'11min,1,1.0
10'10/s,1,1.0
10'-53No_unit,1,1.0
10'8PFU,1,1.0
10'-51No_unit,1,1.0
10'-2No_unit,1,1.0
ng/10^6 cells,1,1.0
48h,1,1.0
10'-12/min,1,1.0
10'6log10CFU/ml,1,1.0
ng/10^6 cells in 4 h,1,1.0
ug cm**-2 hr-1,1,1.0
10'22mM,1,1.0
kJ/cm2,1,1.0
mg.hr,1,1.0
10'11mM,1,1.0
10'-6mol/s,1,1.0
10'10PFU,1,1.0
10^6uM,1,1.0
deltalog10/ml,1,1.0
turns 5min-1,1,1.0
10'13/mol/s,1,1.0
10'-2(1/s),1,1.0
umol/min/nmol,1,1.0
10'4pg/ml,1,1.0
ug min/mL,1,1.0
M-2,1,1.0
10'-2mg/ml,1,1.0
10^-1(1/Ms),1,1.0
10^-3/M,1,1.0
10^7L/mol,1,1.0
ng kg-1,1,1.0
10^-11M,1,1.0
10'-10No_unit,1,1.0
ng/hr.ml,1,1.0
ml min-1 mg-1,1,1.0
l/h,1,1.0
10'5/min/M,1,1.0
nmol/cm2/s,1,1.0
10'-2umol/min/U,1,1.0
pM 0.5hr-1,1,1.0
g 5mice-1 5days-1,1,1.0
10'-2g,1,1.0
10'6/nM/min,1,1.0
10'-2/nM/min,1,1.0
10'4cal/mol,1,1.0
ng hr g-1,1,1.0
10'-6No_unit,1,1.0
10'-11uM,1,1.0
10'-3ml/s/g,1,1.0
10'-5ml/s/g,1,1.0
10'20 uM,1,1.0
10'7(1/Ms),1,1.0
10'7U/min,1,1.0
ppfu mg-1,1,1.0
10'-4M/min,1,1.0
10'16 uM,1,1.0
10'1/mol/s,1,1.0
sigma pi,1,1.0
Clp,1,1.0
pmol/min/U,1,1.0
ml/min/10^6cells,1,1.0
ml/min/umol,1,1.0
ng.h-1.ml-1,1,1.0
ngequiv/ml/mg,1,1.0
L.h.Kg-1,1,1.0
mg.ml-1,1,1.0
nM/10e6,1,1.0
U g-1,1,1.0
10^6/100microL,1,1.0
10'27No_unit,1,1.0
mmol/dm3,1,1.0
uM ear-1,1,1.0
(equiv of [H+]) 2hr-1,1,1.0
10'-7/nM/min,1,1.0
10^14/M/s,1,1.0
10'-3microM,1,1.0
cyh,1,1.0
10'13nM,1,1.0
10'-13mol,1,1.0
10'1mol/dm3/s,1,1.0
10'3mol/dm3/s,1,1.0
10'-4g,1,1.0
10'7uM,1,1.0
10'10uM,1,1.0
10'-2/s/M,1,1.0
10'-2mol%,1,1.0
Monkey,1,1.0
ug/m2/day,1,1.0
log10pfu/g,1,1.0
(m equiv) 6hr-1 kg-1,1,1.0
10'-6deltaA/s,1,1.0
10'-5/s/nM,1,1.0
um3.um2/day,1,1.0
mL/min/1.73 m2,1,1.0
10'6PFU,1,1.0
Ei,1,1.0
10'7PFU/ml,1,1.0
kT/e,1,1.0
10'-5/hr,1,1.0
po,1,1.0
10'12L/mol.s,1,1.0
10'11L/mol.s,1,1.0
10'-6/nM/s,1,1.0
KB 7d-1,1,1.0
mOD/minute,1,1.0
10'7/Ms,1,1.0
10'-4L/M,1,1.0
10'5/mol,1,1.0
PbU,1,1.0
10'9CFU/ml,1,1.0
10'9/ml,1,1.0
10^-4/nM/s,1,1.0
mL.min,1,1.0
M-1s-1,1,1.0
