unit,count,old_units
umol.L-1,37,ng ml-1 ; M l-1 ; mg/dl ; mg/ml ; 10'-2 umol/ml ; 10'-2mmol/ml ; mg/L ; 10'-5 ug/ml ; 10'-3micromol/ml ; 10'4pg/ml ; microg/ml ; 10'-2micromol/ml ; 10'-8M ; umol/L ; ng/ml ; M ; mg l-1 ; 10^-6 uM ; mM ; microM ; nM ; ug l-1 ; 10'3nM ; 10'-6 ug/ml ; umol/ml ; ug.mL-1 ; nmol/ml ; 10'-4M ; 10'-7 ug/ml ; 10'-5M ; 10^-3mM ; umol/uL ; uM ; 10'-2microM ; 10^2umol/ml ; ug ml-1 ; 10'-8 ug/ml
/mol.L-1.s-1,28,/s/M ; /mM/min ; 10'4/s/M ; /uM/s ; 10^5/M/s ; 10'5/M/s ; 10'7/M/s ; 10^4/M/s ; M-1.s-1 ; 10'4/M/s ; /uM/min ; 10'3/M/s ; 1/Ms ; 10'5/s/M ; 10'3/s/M ; 1/sM ; 10'1/s/M ; /s/microM ; /s/mM ; 10'6/s/M ; /mM/s ; 10'2/s/M ; /M/s ; 10'2/M/s ; 10^6/M/s ; M-1 s-1 ; 10'6/M/s ; 10'2/s.M
ml-1,19,ml-1 ; 10^8/ml ; 10^7/ml ; 10^5/ml ; 10'6/ml ; 10'2/ml ; 10^4/ml ; 10'4/ml ; 10'7/ml ; 10'3/ml ; /nl ; 10^3/ml ; /uL ; 10'8/ml ; 10'5/ml ; /ml ; 10^2/ml ; 10^9/ml ; 10^6/ml
s-1,11,min-1 ; 1/S ; s-1 ; 10'-3/s ; /s ; /min ; 10'-1/hr ; 10'-5/s ; /us ; 10^-2/s ; 10'5/s
[CFU],10,10'3CFU ; 10^2CFU ; 10'5CFU ; 10'10CFU ; 10'8CFU ; 10^9CFU ; 10'7CFU ; CFU ; 10^5CFU ; 10'9CFU
No unit,8,10'-8No_unit ; 10'-9No_unit ; 10^-8No_unit ; 10'-6No_unit ; 10^-7No_unit ; 10^-5No_unit ; 10'-7No_unit ; 10^-9No_unit
L.umol-1,8,10'7/M ; 1/M MIC ; 10^5/M ; 10'4/M ; 10'6/M ; M-1 ; 10'-4/M ; 10'5/M
[CFU].ml-1,8,10'3CFU/ml ; 10^3CFU/ml ; 10'2CFU/ml ; 10^4CFU/ml ; 10'6CFU/ml ; 10'8CFU/ml ; 10'4CFU/ml ; CFU/ml
ug.mg-1,7,ng/mg ; mg Kg-1 ; ug/g ; ug mg-1 ; mg kg-1 ; ug kg-1 ; mg.kg-1
mg,5,microg ; g ; ug ; mg ; ng
umol,5,nmol ; 10'-2umol ; pmol ; 10^-2microM ; umol
log10[CFU],4,log10CFU ; 10'6log10CFU/ml ; 10'2log10CFU/ml ; 10'7log10CFU/ml
umol.L-1.min-1.mg-1,4,uM min-1 (ug of protein)-1 ; uM min-1 (mg of protein)-1 ; uM min-1 g-1 ; uM min-1mg-1
log10[CFU].ml-1,4,10'4log10CFU/ml ; 10'5log10CFU/ml ; log10CFU/ml ; 10'3log10CFU/ml
umol.min-1.mg-1,4,mmol/min/mg ; nmol/min/mg ; nmol/mg/min ; umol/min/mg
umol.mg-1,4,umol.kg-1 ; nmol/mg ; umol/Kg ; pM mg-1
umol.L-1.s-1,3,microM/s ; nM/s ; 10'2 uM/s
umol.L-1.ml-1,3,mM l-1 ; 10'-3uM/ml ; uM ml-1
,3,nan ; mm**3 day-1  ; % dose organ-1 
umol.min-1,3,nmol/min ; pmol/min ; 10'-3umol/min
log10[CFU].ml-1.h-1,3,log10CFU/ml.hr ; 10'-3 log10CFU/ml/hr ; log10CFU/ml/hr
mm,3,mm ; nm ; um
mg.kg-1.d-1,3,mg kg-1 4day-1 ; mg kg-1 day-1 ; mg/kg/day
s,3,hr ; min ; s
[CFU].g-1,2,CFU/g ; 10'6CFU/g
min-1,2,1/min ; 10'-4/min
h-1,2,/hr ; h-1
g-1,2,g-1 ; 10'7/g
ug.disk-1,2,ug/disk ; ug disk-1
mm2,2,square millimeter ; mm2
[ppm],2,ppm ; p.p.m.
mg.ml-1,2,mg ml-1 ; mg.ml-1
umol.g-1,2,nM/g ; umol/g
umol.L-1.min-1,2,mM/min ; nmol/ml.min
U,2,Da ; U
d,2,d ; day
U.mg-1,2,mU mg-1 ; U/mg
L.umol-1.s-1,2,10'10L/mol/s ; 10'12L/mol/s
10^2/Ms,1,10^2/Ms
10'3/mol,1,10'3/mol
nmol/J,1,nmol/J
10'9/s,1,10'9/s
10'-2ppm,1,10'-2ppm
u equiv hr-1,1,u equiv hr-1
10^5uM,1,10^5uM
10^5/mm3,1,10^5/mm3
pg/microg/hr,1,pg/microg/hr
10^6/M,1,10^6/M
pM (2*10e6*cells)-1,1,pM (2*10e6*cells)-1
mS/cm,1,mS/cm
gAi/ha,1,gAi/ha
nM mouse-1,1,nM mouse-1
10'-7nmol/cm2/min,1,10'-7nmol/cm2/min
nM equiv mg-1,1,nM equiv mg-1
% g-1,1,% g-1
hr2,1,hr2
mJ/m2,1,mJ/m2
10^4nM.min,1,10^4nM.min
10e6 ul-1,1,10e6 ul-1
kg/kg,1,kg/kg
10e3*k,1,10e3*k
mL/min/kg,1,mL/min/kg
microM/L.hr,1,microM/L.hr
(ug/ml)/(mg/kg),1,(ug/ml)/(mg/kg)
nM.hr/L,1,nM.hr/L
uM.min.kg/mg,1,uM.min.kg/mg
ng.hr/ml.mg,1,ng.hr/ml.mg
%/hr,1,%/hr
fmol/min,1,fmol/min
1/M,1,1/M
10'5/uL,1,10'5/uL
10'-4nmol,1,10'-4nmol
ug embryo-1,1,ug embryo-1
pmol/mg protein,1,pmol/mg protein
10e-3 s-1,1,10e-3 s-1
10^-4/M,1,10^-4/M
ug/cm2,1,ug/sq.cm
10'-4 ug/ml,1,10'-4 ug/ml
uM/kg,1,uM/kg
rel,1,rel
(mg of protein)-1,1,(mg of protein)-1
mg/mg/day,1,mg/mg/day
hr.nmol/L,1,hr.nmol/L
Zone units,1,Zone units
10'-3cm/s,1,10'-3cm/s
p.p.m. in feed,1,p.p.m. in feed
mAU/min,1,mAU/min
10^6No_unit,1,10^6No_unit
10^3/mm3,1,10^3/mm3
10^5nM,1,10^5nM
10^2/M/min,1,10^2/M/min
nM/ml.hr,1,nM/ml.hr
mAU,1,mAU
10'-14 ug/ml,1,10'-14 ug/ml
uU ml-1,1,uU ml-1
10'7CFU/ml,1,10'7CFU/ml
ug/Kg/min,1,ug/Kg/min
1/M.sec,1,1/M.sec
g-1 min-1 ml-1,1,g-1 min-1 ml-1
uM h/dose,1,uM h/dose
kg/ha,1,kg/ha
ng/mL/(mg/kg),1,ng/mL/(mg/kg)
10^-6 cm/s,1,10^-6 cm/s
10^-4/hr,1,10^-4/hr
kCal mol-1,1,kCal mol-1
10^7.67CFU/g,1,10^7.67CFU/g
10^6/Ms,1,10^6/Ms
min^-1,1,min^-1
10'10/M/s,1,10'10/M/s
10'-8cpm/min,1,10'-8cpm/min
10'7U/min,1,10'7U/min
10'-2/s/M,1,10'-2/s/M
10^3/M,1,10^3/M
max,1,max
kiloU/hr,1,kiloU/hr
cpm/mm2,1,cpm/mm2
Pmol,1,Pmol
ug.hr/L,1,ug.hr/L
ngequiv/ml,1,ngequiv/ml
VR,1,VR
10^2pg/ml,1,10^2pg/ml
hkg,1,hkg
ppm g dm**-3,1,ppm g dm**-3
mgAi,1,mgAi
pg/ug,1,pg/ug
10'-3ppm,1,10'-3ppm
g/mm,1,g/mm
ugequiv.hr/ml,1,ugequiv.hr/ml
deltalog10[CFU],1,deltalog10CFU
microg/dm2,1,microg/dm2
nmol/mg.hr,1,nmol/mg.hr
(fM of GTP-gammaS bound) (mg of protein)-1,1,(fM of GTP-gammaS bound) (mg of protein)-1
Amax nM-1,1,Amax nM-1
J/mol/K,1,J/mol/K
fg,1,fg
ng min,1,ng min
Karmen units,1,Karmen units
10'-6microg/cm2,1,10'-6microg/cm2
10'-6/hr,1,10'-6/hr
10'6cm/s,1,10'6cm/s
%IDKg/g,1,%IDKg/g
g dl-1,1,g dl-1
10'-7/nM/min,1,10'-7/nM/min
ugA/ml,1,ugA/ml
ug/g.min,1,ug/g.min
10'-10s,1,10'-10s
ml/min/mg,1,ml/min/mg
10^-11/min,1,10^-11/min
100mg kg-1,1,100mg kg-1
% ID/g,1,% ID/g
nM hr-1 (mg of worm),1,nM hr-1 (mg of worm)
IU,1,IU
ug cm**-3,1,ug cm**-3
10^-5/M,1,10^-5/M
10'12L/mol.s,1,10'12L/mol.s
ug/100mg of tissue,1,ug/100mg of tissue
uL/OD/min,1,uL/OD/min
10^7IFU/ml,1,10^7IFU/ml
10'-5/M,1,10'-5/M
ml kg-1 5hr-1,1,ml kg-1 5hr-1
(mg/kg)/(microg/ml)/hr,1,(mg/kg)/(microg/ml)/hr
ng kg-1,1,ng kg-1
ng/g.hr,1,ng/g.hr
10'7/mol,1,10'7/mol
uM l-1,1,uM l-1
10^6CFU/ml,1,10^6CFU/ml
10^13L/mol/s,1,10^13L/mol/s
ng mL-1,1,ng mL-1
IU uM-1,1,IU uM-1
cm s-1,1,cm s-1
% dose/g,1,% dose/g
fM mg-1 day-1,1,fM mg-1 day-1
picometer,1,picometer
pmol.min.mg-1,1,pmol.min.mg-1
10'6/100microL,1,10'6/100microL
pmol/cm2/hr,1,pmol/cm2/hr
mg/min/mL,1,mg/min/mL
A1/A2A,1,A1/A2A
10'-4 cm/min,1,10'-4 cm/min
pS,1,pS
0-tIdc,1,0-tIdc
cm'-6/s,1,cm'-6/s
nanometer,1,nanometer
10'-6M,1,10'-6M
fM cell-1,1,fM cell-1
g mouse-1,1,g mouse-1
10'-5L/min,1,10'-5L/min
mg/cm2,1,mg/cm2
pM 30min-1 (mg of DNA)-1,1,pM 30min-1 (mg of DNA)-1
c.p.m. 50ul-1,1,c.p.m. 50ul-1
10^-10M,1,10^-10M
10^-6nmol,1,10^-6nmol
mg uM kg-1 day-1,1,mg uM kg-1 day-1
uM (g of spores)-1,1,uM (g of spores)-1
mmol.h/L,1,mmol.h/L
mh/kg,1,mh/kg
ng/10^6 cells,1,ng/10^6 cells
kg.hr/L,1,kg.hr/L
ml/s/g,1,ml/s/g
ng.hr/g/mg/kg,1,ng.hr/g/mg/kg
nm/s,1,nm/s
Kb M-1,1,Kb M-1
ug day-1 kg-1,1,ug day-1 kg-1
MKP,1,MKP
mg kg-1 (day in diet)-1,1,mg kg-1 (day in diet)-1
min.ug/ml/(mg/kg),1,min.ug/ml/(mg/kg)
nmol/kg,1,nmol/kg
10'5/mm3,1,10'5/mm3
microM/min/mg,1,microM/min/mg
10'-3microL,1,10'-3microL
hr.ng/ml.mg,1,hr.ng/ml.mg
/min.mg,1,/min.mg
none,1,none
l s-1 M-1,1,l s-1 M-1
pmol/uM/min,1,pmol/uM/min
uM/min.mg,1,uM/min.mg
mg 2kg-1,1,mg 2kg-1
ngequiv.hr/g,1,ngequiv.hr/g
uM/hr/Kg/mg,1,uM/hr/Kg/mg
10^2 uM,1,10^2 uM
10'7nM,1,10'7nM
pD2,1,pD2
10^-6nanometer/s,1,10^-6nanometer/s
fL,1,fL
mU/L,1,mU/L
units/mL,1,units/mL
% of dose,1,% of dose
nM hr-1 kg-1,1,nM hr-1 kg-1
uL/hr/10^6cells,1,uL/hr/10^6cells
kN/m2,1,kN/m2
mOsmol kg-1,1,mOsmol kg-1
10^8/M/min,1,10^8/M/min
mL.min,1,mL.min
ug animal-1,1,ug animal-1
mg/mm,1,mg/mm
FU/min,1,FU/min
M.hr.kg/mg,1,M.hr.kg/mg
molar ratio,1,molar ratio
mg/ml/kg,1,mg/ml/kg
10^-3cm/min,1,10^-3cm/min
J,1,J
g mouse-1 on day 8,1,g mouse-1 on day 8
10'5L/mol/s,1,10'5L/mol/s
10'-6pmol,1,10'-6pmol
dP/dtmax,1,dP/dtmax
uCi/ml,1,uCi/ml
mg L-1,1,mg L-1
nM milliunit-1,1,nM milliunit-1
10^6nM,1,10^6nM
nmol/min/U,1,nmol/min/U
u-1 hr-1 ml-1,1,u-1 hr-1 ml-1
10^12L/mol,1,10^12L/mol
10'2mEq,1,10'2mEq
10^-5/nM/min,1,10^-5/nM/min
min-1 s-1,1,min-1 s-1
ug/ml,1,ug/ml
ppfu mg-1,1,ppfu mg-1
PSL/mm2,1,PSL/mm2
kg/L,1,kg/L
g/ha,1,g/ha
%,1,%
10'4L/mol,1,10'4L/mol
10^-7cm2/sec,1,10^-7cm2/sec
se-1,1,se-1
ul min-1,1,ul min-1
ml 2hr-1,1,ml 2hr-1
10'11/M,1,10'11/M
10'-10 uM,1,10'-10 uM
uM mouse-1,1,uM mouse-1
mM-1 min-1,1,mM-1 min-1
g kg-1,1,g kg-1
gAe/L,1,gAe/L
u equiv kg-1,1,u equiv kg-1
mean counts,1,mean counts
nmol/min/mg protein,1,nmol/min/mg protein
uL/min/mL,1,uL/min/mL
10^5CFU/ml,1,10^5CFU/ml
ng/min,1,ng/min
m,1,m
pmol/h,1,pmol/h
10^-12M,1,10^-12M
kCounts,1,kCounts
10^5/s,1,10^5/s
um3/um2,1,um3/um2
ng 2hr-1,1,ng 2hr-1
uA.cm'-2,1,uA.cm'-2
90 min,1,90 min
10'7/Ms,1,10'7/Ms
10^-7/M,1,10^-7/M
10^-1/min,1,10^-1/min
nA,1,nA
pKi,1,pKi
umolequiv/g,1,umolequiv/g
10^-11No_unit,1,10^-11No_unit
10^10No_unit,1,10^10No_unit
10^4CFU,1,10^4CFU
uM.min/ml,1,uM.min/ml
10'-4/min.mol%'-4,1,10'-4/min.mol%'-4
mmolequiv/mmol,1,mmolequiv/mmol
uM.hr.Kg/mg,1,uM.hr.Kg/mg
10^7CFU,1,10^7CFU
nmol/min/ml,1,nmol/min/ml
10^-20No_unit,1,10^-20No_unit
pmol/10E6 cells,1,pmol/10E6 cells
uM min l-1,1,uM min l-1
mol/min,1,mol/min
mmHg ml-1 min-1 g-1,1,mmHg ml-1 min-1 g-1
10^-3/min/uM,1,10^-3/min/uM
10^12/L,1,10^12/L
c.p.m. min-1 mg-1,1,c.p.m. min-1 mg-1
kU,1,kU
10'-3umol/min/U,1,10'-3umol/min/U
10'6PFU/ml,1,10'6PFU/ml
10'-10No_unit,1,10'-10No_unit
pmol/ml,1,pmol/ml
nmol/g/uM,1,nmol/g/uM
dpm/ml,1,dpm/ml
uM h,1,uM h
10^5L/mol,1,10^5L/mol
mU,1,mU
ng ml kg-1,1,ng ml kg-1
ug dl-1,1,ug dl-1
10^-2/min,1,10^-2/min
KA Units,1,KA Units
dose g-1,1,dose g-1
kDa-1,1,kDa-1
U/ms,1,U/ms
Momega,1,Momega
10'4/s,1,10'4/s
ms s-1,1,ms s-1
UI l-1,1,UI l-1
mol/L.sec,1,mol/L.sec
10^-5 mol/L,1,10^-5 mol/L
10^-6/cm,1,10^-6/cm
ng/ml/mg,1,ng/ml/mg
Ug/ml,1,Ug/ml
1/s,1,1/s
10'13/M/sec,1,10'13/M/sec
pg/mg,1,pg/mg
cmH2O,1,cmH2O
U/dl,1,U/dl
10^10/M,1,10^10/M
10'-3M,1,10'-3M
10'-2/M,1,10'-2/M
nM.hr,1,nM.hr
uM min-1 ml-1,1,uM min-1 ml-1
ug/L.hr,1,ug/L.hr
uM hr-1 kg-1,1,uM hr-1 kg-1
nM/ml.min,1,nM/ml.min
AB cm/s,1,AB cm/s
ug.cm'-2,1,ug.cm'-2
nmol/g/min,1,nmol/g/min
10^1/Ms,1,10^1/Ms
U/mg/uM,1,U/mg/uM
u equiv of [H+] 2hr-1,1,u equiv of [H+] 2hr-1
ng 2hr-1 (10e5*cells)-1,1,ng 2hr-1 (10e5*cells)-1
mg kg-1 i.p.,1,mg kg-1 i.p.
10^2/s,1,10^2/s
pM of citrulline min-1 (mg of protein)-1,1,pM of citrulline min-1 (mg of protein)-1
fmol/g,1,fmol/g
Kcal/kg/day,1,Kcal/kg/day
ngequiv.hr/ml/mg,1,ngequiv.hr/ml/mg
cells.uL-1,1,cells.uL-1
10^-4/min,1,10^-4/min
RLU,1,RLU
ul ml-1,1,ul ml-1
ukat kg-1,1,ukat kg-1
mol/L/min,1,mol/L/min
ml/kg/hr,1,ml/kg/hr
10'3/M/min,1,10'3/M/min
amol/cell.min,1,amol/cell.min
ug min l-1,1,ug min l-1
umol.h.L-1.d-1,1,uM.hr/day
pg min-1 (mg of protein)-1,1,pg min-1 (mg of protein)-1
mg ear-1,1,mg ear-1
nl min-1,1,nl min-1
ug m-1 min-1,1,ug m-1 min-1
ug injection-1,1,ug injection-1
nmol/mL,1,nmol/mL
cm/min,1,cm/min
pKa,1,pKa
ng/min/kg,1,ng/min/kg
fmol/mg,1,fmol/mg
10'-1/M/s,1,10'-1/M/s
10^-8M/s,1,10^-8M/s
pM,1,pM
ug.hr/kg,1,ug.hr/kg
%ID/ml,1,%ID/ml
EU/mg,1,EU/mg
10'-6/cm,1,10'-6/cm
mmHg.day,1,mmHg.day
10'-6mol/min/ug,1,10'-6mol/min/ug
10'-1umol/L,1,10'-1umol/L
mg kg-1 uM-1 hr-1,1,mg kg-1 uM-1 hr-1
nmol/mg.min,1,nmol/mg.min
M min-1 mg-1,1,M min-1 mg-1
10^-5cm/hr,1,10^-5cm/hr
cyh,1,cyh
ml 20min-1,1,ml 20min-1
10'8/M,1,10'8/M
uM.hr/ml,1,uM.hr/ml
ms/s1/2,1,ms/s1/2
AUD30min,1,AUD30min
V,1,V
pg ml-1,1,pg ml-1
nmol.hr,1,nmol.hr
kg.mg/L.mL,1,kg.mg/L.mL
10^5/M.s,1,10^5/M.s
10e3 um2,1,10e3 um2
10'-3cm/min,1,10'-3cm/min
mg (g of body weight)-1,1,mg (g of body weight)-1
Me-3,1,Me-3
hr.nmol/g,1,hr.nmol/g
microM/microg/sec,1,microM/microg/sec
dead/total,1,dead/total
nM hr-1 (10e6*cells)-1,1,nM hr-1 (10e6*cells)-1
1/m/s,1,1/m/s
ug.hr.ml-1,1,ug.hr/ml
mM kg-1,1,mM kg-1
nmol/min/kg,1,nmol/min/kg
uM g kg-1,1,uM g kg-1
Io/Eo,1,Io/Eo
U/min/nM,1,U/min/nM
dose ratio,1,dose ratio
10'-8mol,1,10'-8mol
C,1,C
10'-9cm/s,1,10'-9cm/s
KgAi/ha,1,KgAi/ha
μg/mL,1,μg/mL
cal/mol,1,cal/mol
nmol of MDA/mg of LDL,1,nmol of MDA/mg of LDL
10'-7mol,1,10'-7mol
hr.sec,1,hr.sec
10'-5/ml,1,10'-5/ml
HB g ml-1,1,HB g ml-1
10^5/g,1,10^5/g
umol/min/nmol,1,umol/min/nmol
10'3/M.s,1,10'3/M.s
ng.hr/ml,1,ng.hr/ml
ug h/g,1,ug h/g
units/assay,1,units/assay
mpk/d,1,mpk/d
mol/L,1,mol/L
10'-2/nM/min,1,10'-2/nM/min
nanomol/min,1,nanomol/min
Monkey,1,Monkey
10^-6cm/min,1,10^-6cm/min
uM of MDA mM-1,1,uM of MDA mM-1
TI,1,TI
10^7L/mol,1,10^7L/mol
omegacm2,1,omegacm2
micromol/s,1,micromol/s
mm**3,1,mm**3
10'11/M/s,1,10'11/M/s
ml beat-1 kg-1,1,ml beat-1 kg-1
uM-1 s-1,1,uM-1 s-1
mg/kg,1,mg/kg
ng.hr/g,1,ng.hr/g
10^3CFU,1,10^3CFU
number,1,number
10^22/M,1,10^22/M
l/h,1,l/h
10^6cm/s,1,10^6cm/s
ng.hr.kg/mg/ml,1,ng.hr.kg/mg/ml
Not_given,1,Not_given
/nM/min,1,/nM/min
abs/hr,1,abs/hr
10'1/mol/s,1,10'1/mol/s
IU/mg,1,IU/mg
K,1,K
microL/min/kg,1,microL/min/kg
pcm s-1,1,pcm s-1
mL/min/1.73 m2,1,mL/min/1.73 m2
10'-5g/L,1,10'-5g/L
10'-3/hr,1,10'-3/hr
ug.hr/g,1,ug.hr/g
l hr-1,1,l hr-1
10'-8mol/cm2,1,10'-8mol/cm2
mg kg-1 b.i.d.,1,mg kg-1 b.i.d.
mM-1,1,mM-1
nM hr-1 cm**-2,1,nM hr-1 cm**-2
nmol.L-1.min-1.mg-1,1,nM min-1 mg-1
mg/dl/g,1,mg/dl/g
/mm3,1,/mm3
kg-1,1,kg-1
10^-2/M/s,1,10^-2/M/s
%molar,1,%molar
mm3,1,mm3
nmol/umol,1,nmol/umol
10^-5/s,1,10^-5/s
Osm/kg,1,Osm/kg
10'7/s,1,10'7/s
Counts min-1 0.2ml-1,1,Counts min-1 0.2ml-1
min.ng/g,1,min.ng/g
mg kg-1 dose-1 day-1,1,mg kg-1 dose-1 day-1
pmol/mg/min,1,pmol/mg/min
days (optimal dose)-1,1,days (optimal dose)-1
umol/l.min,1,umol/l.min
M-1 min-1,1,M-1 min-1
10'-5/min.mol%'-4,1,10'-5/min.mol%'-4
microgAi/g,1,microgAi/g
10'3pM,1,10'3pM
ng.hr.kg/ml.mg,1,ng.hr.kg/ml.mg
10'-3 ug/ml,1,10'-3 ug/ml
10^7CFU/g,1,10^7CFU/g
U s-1,1,U s-1
milliequivalent/kg,1,milliequivalent/kg
u equiv,1,u equiv
(nM of CO2) hr-1 (mg of protein)-1,1,(nM of CO2) hr-1 (mg of protein)-1
uL min-1 mg-1,1,uL min-1 mg-1
10'-53No_unit,1,10'-53No_unit
10'-4g/L,1,10'-4g/L
10'-4M/min,1,10'-4M/min
ml/min/g,1,ml/min/g
nL/pmol/min,1,nL/pmol/min
ug/kg/day,1,ug/kg/day
10^3pg/ml,1,10^3pg/ml
10'5No_unit,1,10'5No_unit
fM mg-1 protein,1,fM mg-1 protein
mg cm**-2,1,mg cm**-2
g 5mice-1 5days-1,1,g 5mice-1 5days-1
nM ml-1,1,nM ml-1
mgequiv/mmol,1,mgequiv/mmol
cm-1,1,cm-1
mOD/minute,1,mOD/minute
um/min,1,um/min
uM/g,1,uM/g
M (M of tubulin)-1,1,M (M of tubulin)-1
100uM,1,100uM
M kg-1,1,M kg-1
mU.nmol/h,1,mU.nmol/h
10^7/g,1,10^7/g
pmol/uL,1,pmol/uL
pmol/hr,1,pmol/hr
(mg/kg)/day,1,(mg/kg)/day
% conc,1,% conc
h/min,1,h/min
ml min-1 kg-1,1,ml min-1 kg-1
mg/uM,1,mg/uM
RFU min-1,1,RFU min-1
L/s,1,L/s
mmHg s-1,1,mmHg s-1
number/group,1,number/group
10'-4abs/s,1,10'-4abs/s
nanometer2/sec,1,nanometer2/sec
10'-4/M/s,1,10'-4/M/s
h·fmol/million cells,1,h·fmol/million cells
M ml-1,1,M ml-1
ug/hr,1,ug/hr
DIUR,1,DIUR
10'-9M,1,10'-9M
(nM of H202) min-1 (ug of protein)-1,1,(nM of H202) min-1 (ug of protein)-1
uL/L,1,uL/L
((ng/mL).hours)/(mg/kg/day),1,((ng/mL).hours)/(mg/kg/day)
pg 0.1ml-1 500x10^3,1,pg 0.1ml-1 500x10^3
mg %,1,mg %
/RU/s,1,/RU/s
hr.kg.ng/ml/mg,1,hr.kg.ng/ml/mg
mg.hr/L,1,mg.hr/L
10'2/mol/s,1,10'2/mol/s
ug weight-1,1,ug weight-1
kcal/mol/K,1,kcal/mol/K
uM.hr/mg,1,uM.hr/mg
microg.min/mL,1,microg.min/mL
meq.L-1,1,mEq.L-1
m equiv [Na+] 5hr-1kg-1,1,m equiv [Na+] 5hr-1kg-1
ugequiv.hr/g,1,ugequiv.hr/g
(ml/min)/kg,1,(ml/min)/kg
10^5/min/M,1,10^5/min/M
10'-2/hr,1,10'-2/hr
IU/g,1,IU/g
ugequiv/l.hr,1,ugequiv/l.hr
W,1,W
nM/mg/kg,1,nM/mg/kg
mg/min/dl,1,mg/min/dl
Min-1,1,10'-2/min
ms-1,1,ms-1
pM min-1,1,pM min-1
10'-5L/mol,1,10'-5L/mol
10'9/M/min,1,10'9/M/min
pH,1,pH
ng/mL.hr^2,1,ng/mL.hr^2
U/min/ml,1,U/min/ml
10'7CFU/g,1,10'7CFU/g
pMl hr-1,1,pMl hr-1
%v/v,1,%v/v
10^-4microM,1,10^-4microM
10^1/s,1,10^1/s
g/min,1,g/min
mol/dm3,1,mol/dm3
10^4cm2/sec,1,10^4cm2/sec
10'-7mol/cm2,1,10'-7mol/cm2
pmol/Kg,1,pmol/Kg
10'-7cm2/sec,1,10'-7cm2/sec
10^3kJ/mol,1,10^3kJ/mol
10'6 /uL,1,10'6 /uL
U l-1,1,U l-1
mM/hr,1,mM/hr
ug/dl,1,ug/dl
ug base equiv/g,1,ug base equiv/g
10'5/mol,1,10'5/mol
min.sec,1,min.sec
L.m-2,1,L.m-2
%ID/mg/ml,1,%ID/mg/ml
nM min ml-1,1,nM min ml-1
pug.ml-1,1,pug ml-1
1/mg.1/kg.1/day,1,1/mg.1/kg.1/day
mU/mg,1,mU/mg
10'-5umol/ml,1,10'-5umol/ml
uM/L,1,uM/L
g (350g of rat weight)-1,1,g (350g of rat weight)-1
10^-4/s,1,10^-4/s
mg uM kg day-1,1,mg uM kg day-1
kcps,1,kcps
mg dl-1,1,mg dl-1
dg/ml,1,dg/ml
ug/min.kg,1,ug/min.kg
Cdyn,1,Cdyn
10'9CFU/g,1,10'9CFU/g
pM equiv kg-1 6hr-1,1,pM equiv kg-1 6hr-1
TS,1,TS
10^-10.mol/mg/min,1,10^-10.mol/mg/min
/m2,1,/m2
10'5PFU,1,10'5PFU
pM forebrain-1,1,pM forebrain-1
10'-3/M/s,1,10'-3/M/s
ucm,1,ucm
bpm.hr,1,bpm.hr
cm*3,1,cm*3
umol cm2/hr,1,umol cm2/hr
10'8CFU/g,1,10'8CFU/g
10'-2nmol,1,10'-2nmol
ucm.s-1,1,ucm/s
10e2 M-1 s-1,1,10e2 M-1 s-1
ml/min.mg,1,ml/min.mg
ug cm**-2 hr-1,1,ug cm**-2 hr-1
l kg-1,1,l kg-1
/microsec/nM,1,/microsec/nM
mL/min.umol,1,mL/min.umol
KB 7d-1,1,KB 7d-1
pg,1,pg
10'-5m3/mol,1,10'-5m3/mol
uM 100ml-1,1,uM 100ml-1
M 50ul-1,1,M 50ul-1
uM 15min-1 mg-1,1,uM 15min-1 mg-1
ug/cm2.hr,1,ug/cm2.hr
uM.hr.mg/kg,1,uM.hr.mg/kg
min-1 M-1,1,min-1 M-1
ug equiv/g,1,ug equiv/g
10'5/cm'3,1,10'5/cm'3
mmHg/L.min,1,mmHg/L.min
/mol.dm'3,1,/mol.dm'3
pmol/min/U,1,pmol/min/U
10'2/M/min,1,10'2/M/min
relative signal,1,relative signal
10^6CFU,1,10^6CFU
(pM of product) min-1 (mg of protein)-1,1,(pM of product) min-1 (mg of protein)-1
10^12/M,1,10^12/M
ml 6hr-1 100g-1,1,ml 6hr-1 100g-1
%/min/pmol,1,%/min/pmol
10'6uL,1,10'6uL
RLU/mg,1,RLU/mg
microg.hr/mL.g,1,microg.hr/mL.g
fold,1,fold
Miller_unit,1,Miller_unit
10'-6mM/min,1,10'-6mM/min
ROI,1,ROI
10'5/M/min,1,10'5/M/min
abs/uL,1,abs/uL
10^1pg/ml,1,10^1pg/ml
nM kg,1,nM kg
10e-7/M,1,10e-7/M
10^-5M,1,10^-5M
microm2/micrometer/d,1,microm2/micrometer/d
10'-4g,1,10'-4g
ng/islet/h,1,ng/islet/h
million,1,million
USP-U/mg,1,USP-U/mg
ug of tissue,1,ug of tissue
10'3/M,1,10'3/M
10^-3/nM/min,1,10^-3/nM/min
10^-8mol/L,1,10^-8mol/L
M mouse-1,1,M mouse-1
mgP kg-1,1,mgP kg-1
ml/min/uL,1,ml/min/uL
10^4nM,1,10^4nM
10^3uL/min,1,10^3uL/min
ug/g.hr,1,ug/g.hr
M-1s-1,1,M-1s-1
J/mol,1,J/mol
%ID/cc,1,%ID/cc
/M,1,/M
microM/Kg,1,microM/Kg
cm/day,1,cm/day
nmol.hr/L,1,nmol.hr/L
microM/mg/kg,1,microM/mg/kg
nM (mg SR protein)-1,1,nM (mg SR protein)-1
pCi mg-1,1,pCi mg-1
fM g-1,1,fM g-1
10'-8mol/L,1,10'-8mol/L
ug.hr/ml/day,1,ug.hr/ml/day
10^9No_unit,1,10^9No_unit
mgAi/L,1,mgAi/L
nM min-1 unit-1,1,nM min-1 unit-1
app,1,app
l/min/mg,1,l/min/mg
survivors/total,1,survivors/total
nM stent-1,1,nM stent-1
cpm.s-1,1,cpm/min
10'22mM,1,10'22mM
10'-5No_unit,1,10'-5No_unit
time day-1,1,time day-1
10'-8/s,1,10'-8/s
nmol/min*mg of protein,1,nmol/min*mg of protein
nmol.hr/kg,1,nmol.hr/kg
L.mol-1,1,10'-7M
ng/cm2/min,1,ng/cm2/min
%Idose/kg,1,%Idose/kg
10e-6*s cm-1,1,10e-6*s cm-1
c.p.m. mg-1,1,c.p.m. mg-1
10^-3mg/ml,1,10^-3mg/ml
10^-4cm/hr,1,10^-4cm/hr
pM (10e5*cells)-1,1,pM (10e5*cells)-1
day-1,1,day-1
block/treat,1,block/treat
m equiv 6hr-1 100g-1,1,m equiv 6hr-1 100g-1
g/cm,1,g/cm
/mmol/min,1,/mmol/min
10'-4 mol/L,1,10'-4 mol/L
10'-5OD/s,1,10'-5OD/s
AU mm-1,1,AU mm-1
10^-1microM,1,10^-1microM
mmol/dm3,1,mmol/dm3
ml/min/hr,1,ml/min/hr
(umol/L)/(mg/kg),1,(umol/L)/(mg/kg)
uM.hr/L,1,uM.hr/L
10'20 uM,1,10'20 uM
abs/time,1,abs/time
uM min uM-1,1,uM min uM-1
gAi/L,1,gAi/L
uM uM-1,1,uM uM-1
pg kg-1,1,pg kg-1
10'10uM,1,10'10uM
uL/min/nmol,1,uL/min/nmol
[IU].L-1,1,IU.L-1
mN,1,mN
pM ul-1,1,pM ul-1
10'-5 mol/L,1,10'-5 mol/L
pmol/10E9 cells,1,pmol/10E9 cells
mM/L,1,mM/L
"%,%",1,"%,%"
deg.cm2/dmol,1,deg.cm2/dmol
cps,1,cps
hr/ha,1,hr/ha
%ID/cm3,1,%ID/cm3
mutants ug-1,1,mutants ug-1
2mg kg-1,1,2mg kg-1
10^-4 mol/L,1,10^-4 mol/L
10'13L/mol,1,10'13L/mol
ul,1,ul
ul.min.nmol-1,1,ul.min.nmol-1
mmol/min,1,mmol/min
u equiv of [Na+]  kg-1,1,u equiv of [Na+]  kg-1
mequiv/L,1,mequiv/L
10'-8mol/min,1,10'-8mol/min
10^-52M,1,10^-52M
ng/mL,1,ng/mL
/min/M,1,/min/M
ng/hr,1,ng/hr
mg/ng/ml/hr,1,mg/ng/ml/hr
10^-3/min,1,10^-3/min
10'-13/s,1,10'-13/s
10'6/uM/s,1,10'6/uM/s
nmol/cm2/s,1,nmol/cm2/s
10^3/M/s,1,10^3/M/s
%ID/g,1,%ID/g
10^-2nM,1,10^-2nM
L/min/umol,1,L/min/umol
10^-10m2/s,1,10^-10m2/s
AU/L,1,AU/L
min.ng/L,1,min.ng/L
Kg/hr.m2,1,Kg/hr.m2
10^-8/M/s,1,10^-8/M/s
RLU (ug of protein)-1,1,RLU (ug of protein)-1
kg.ng/ml/mg,1,kg.ng/ml/mg
10'5/M.s,1,10'5/M.s
10'-9meter/s,1,10'-9meter/s
10'-4umol/L,1,10'-4umol/L
kg.min/L,1,kg.min/L
mIU/ml,1,mIU/ml
deltalog10[CFU].ml-1,1,deltalog10CFU/ml
l hr-1 kg-1,1,l hr-1 kg-1
ml/kg.hr,1,ml/kg.hr
kcal/mol.K,1,kcal/mol.K
10^8(p/s/cm^2/sr)/(uW/cm^2),1,10^8(p/s/cm^2/sr)/(uW/cm^2)
fmol/uL,1,fmol/uL
AU/sec,1,AU/sec
pmol/min.ml,1,pmol/min.ml
mCi/M,1,mCi/M
10'4cal/mol,1,10'4cal/mol
ug/ml.hr,1,ug/ml.hr
mM min,1,mM min
10'6/M/min,1,10'6/M/min
c.p.m. (mg of protein)-1,1,c.p.m. (mg of protein)-1
10'11mM,1,10'11mM
ng g-1,1,ng g-1
uM/A unit/min,1,uM/A unit/min
10'-9L/mol,1,10'-9L/mol
%.min,1,%.min
10^-3No_unit,1,10^-3No_unit
cm,1,cm
%w/v,1,%w/v
10'7M/s,1,10'7M/s
RLU (mg of protein)-1,1,RLU (mg of protein)-1
mg.kg/inj,1,mg.kg/inj
day of onset,1,day of onset
nmol.min,1,nmol.min
L.h-1.kg-1,1,L/h/Kg
10'7No_unit,1,10'7No_unit
ng/mg prot.,1,ng/mg prot.
10'-18No_unit,1,10'-18No_unit
ml hr-1,1,ml hr-1
umol.L-1.well-1,1,uM well-1
M s-1,1,M s-1
N.total-1,1,N/total
Ie3 M-1 s-1,1,Ie3 M-1 s-1
nM min-1 mg-1 mM-1,1,nM min-1 mg-1 mM-1
1/100mm,1,1/100mm
delta mV,1,delta mV
48h,1,48h
1E-6 cm/s,1,1E-6 cm/s
nM min-1 cm**-2,1,nM min-1 cm**-2
nM/L.hr,1,nM/L.hr
10'-2 ug/ml,1,10'-2 ug/ml
10^8No_unit,1,10^8No_unit
nanometer/sec,1,nanometer/sec
ugequiv,1,ugequiv
micromol/kg/min,1,micromol/kg/min
hr/ng.ml,1,hr/ng.ml
mol%,1,mol%
pM min-1 (g dry weight)-1,1,pM min-1 (g dry weight)-1
ng/kg/day,1,ng/kg/day
mmHg.hr,1,mmHg.hr
(mg/kg)/(ug/ml),1,(mg/kg)/(ug/ml)
10'4/M.s,1,10'4/M.s
% mmHg min,1,% mmHg min
uN h kg/mg,1,uN h kg/mg
liposomes ml-1,1,liposomes ml-1
ml/mm/kg,1,ml/mm/kg
pmol/mg/hr,1,pmol/mg/hr
1/sec,1,1/sec
umol/cm2,1,umol/cm2
10'-6mol/s,1,10'-6mol/s
10^3uL/min/mg,1,10^3uL/min/mg
10'-2 mol/L,1,10'-2 mol/L
10'-8M/s,1,10'-8M/s
ug/ml/min,1,ug/ml/min
min/mL,1,min/mL
10'6uM,1,10'6uM
10'-5nmol,1,10'-5nmol
ng.hr/Kg,1,ng.hr/Kg
ml.Kg/min,1,ml.Kg/min
M/s,1,M/s
min.kg/L,1,min.kg/L
um.s-1,1,um/s
microM.hr^2,1,microM.hr^2
ng mg-1 hr-1,1,ng mg-1 hr-1
mg/min/g,1,mg/min/g
10^8M,1,10^8M
mg/cubic cm,1,mg/cubic cm
pM s-1 mg-1,1,pM s-1 mg-1
Deltalog10[CFU].ml-1.h-1,1,deltalog10CFU/ml.hr
microM/hr/mg,1,microM/hr/mg
(mg of CPT) kg-1,1,(mg of CPT) kg-1
mg kg-1 day-1 b.i.d.,1,mg kg-1 day-1 b.i.d.
10'-3OD/min,1,10'-3OD/min
uM hr dose-1,1,uM hr dose-1
pmol.hr,1,pmol.hr
10'-7/hr,1,10'-7/hr
mL.min-1.g-1,1,mL.min-1.g-1
10'-6m/s,1,10'-6m/s
SBP,1,SBP
10'-5AU/sec,1,10'-5AU/sec
g ml-1,1,g ml-1
cm2/sec,1,cm2/sec
10^5No_unit,1,10^5No_unit
g 100g-1,1,g 100g-1
ng/ml/g,1,ng/ml/g
IU mg-1,1,IU mg-1
mMequiv/mg,1,mMequiv/mg
U/g,1,U/g
10'-2/s,1,10'-2/s
uM hr,1,uM hr
uM kg-1,1,uM kg-1
% injected dose g-1,1,% injected dose g-1
10E-2*1/s,1,10E-2*1/s
nM min-1 g-1,1,nM min-1 g-1
10^6cal/mol,1,10^6cal/mol
RL,1,RL
mg/kg uM h,1,mg/kg uM h
mpk day-1,1,mpk day-1
mmHg beats min-1,1,mmHg beats min-1
10e-5*cm/min,1,10e-5*cm/min
10'-6/nM/s,1,10'-6/nM/s
uM min-1 kg-1,1,uM min-1 kg-1
cps/nM,1,cps/nM
ml/min/m2,1,ml/min/m2
10^-3/M/s,1,10^-3/M/s
ml g-1,1,ml g-1
ug kg-1 min-1,1,ug kg-1 min-1
log pfu ml-1,1,log pfu ml-1
cells mouse-1,1,cells mouse-1
1/M 1/s,1,1/M 1/s
pCi cell-1,1,pCi cell-1
zone unit,1,zone unit
10'-5 cm/s,1,10'-5 cm/s
g/ml,1,g/ml
L/Kg.hr,1,L/Kg.hr
-60mV,1,-60mV
l/hr.kg,1,l/hr.kg
10'-13mol,1,10'-13mol
10'5L/mol,1,10'5L/mol
Counts 10min-1,1,Counts 10min-1
uL/hr/cm2,1,uL/hr/cm2
10'7pM,1,10'7pM
uM pupa-1,1,uM pupa-1
ug/ml/hr,1,ug/ml/hr
10^14/M/s,1,10^14/M/s
PFU/ml,1,PFU/ml
10'6L/mol,1,10'6L/mol
ml/kg.min,1,ml/kg.min
10'2/Ms,1,10'2/Ms
ml,1,ml
nM.min,1,nM.min
10^-2/Ms,1,10^-2/Ms
mg/kg.day,1,mg/kg.day
10'6pM,1,10'6pM
Cel,1,degrees C
10^5PFU/g,1,10^5PFU/g
ml/hr,1,ml/hr
10'4OD/sec,1,10'4OD/sec
fM mg-1,1,fM mg-1
L/ha,1,L/ha
/10'2cm3,1,/10'2cm3
1/(M*min),1,1/(M*min)
/M/cm,1,/M/cm
mmHg ml-1 min-1 kg-1,1,mmHg ml-1 min-1 kg-1
ug ul-1,1,ug ul-1
uM.h. kg/mg,1,uM.h. kg/mg
10'11PFU,1,10'11PFU
ug/mg,1,ug/mg
gAi,1,gAi
ug min-1 kg-1,1,ug min-1 kg-1
u equiv 2hr-1,1,u equiv 2hr-1
RFU/ug/min,1,RFU/ug/min
dose/organ %,1,dose/organ %
log10,1,log10
mEq/dL,1,mEq/dL
spec bound mg-1,1,spec bound mg-1
10^-9 L min-1,1,10^-9 L min-1
mm.mm,1,mm.mm
ngequiv/g,1,ngequiv/g
L/hr.Kg,1,L/hr.Kg
Minutes,1,Minutes
deltaOD/min,1,deltaOD/min
m equiv kg-1,1,m equiv kg-1
uL/min/10e6 cells,1,uL/min/10e6 cells
10^-2No_unit,1,10^-2No_unit
10'-6deltaA/s,1,10'-6deltaA/s
pg/dl,1,pg/dl
10'-5/s/uM,1,10'-5/s/uM
microg/cm2/h,1,microg/cm2/h
FPDc,1,FPDc
log10pfu/g,1,log10pfu/g
dyn.s.cm'-5.10'4,1,dyn.s.cm'-5.10'4
E^1%,1,E^1%
nmol/ mL h,1,nmol/ mL h
log[CFU],1,log CFU
FU min-1 uM-1,1,FU min-1 uM-1
10'-9 ug/ml,1,10'-9 ug/ml
10^13/M,1,10^13/M
air/N2,1,air/N2
min/ml/kg,1,min/ml/kg
arbitrary units,1,arbitrary units
pM nM-1,1,pM nM-1
J/mol.K,1,J/mol.K
uM.kg/mg,1,uM.kg/mg
ml mouse-1,1,ml mouse-1
mg rat-1,1,mg rat-1
10'-4 cm/s,1,10'-4 cm/s
pmol/min/10^6cells,1,pmol/min/10^6cells
umol.h.L-1,1,uM.hr
mmHg,1,mmHg
10'9/s/cm2,1,10'9/s/cm2
10'2pg/ml,1,10'2pg/ml
pmol/10^6cells,1,pmol/10^6cells
mMequiv,1,mMequiv
1/M1/s,1,1/M1/s
10'7/s/M,1,10'7/s/M
Counts,1,Counts
g %,1,g %
pM mouse-1,1,pM mouse-1
10'-3mol%,1,10'-3mol%
10'-5deltaA/s,1,10'-5deltaA/s
ug nM-1,1,ug nM-1
ml min-1 100g-1,1,ml min-1 100g-1
10^-1/s,1,10^-1/s
pmol.hr/g,1,pmol.hr/g
ng (g of tissue)-1,1,ng (g of tissue)-1
10'-3nmol/min,1,10'-3nmol/min
KA/dl,1,KA/dl
min-1 hr-1,1,min-1 hr-1
pmol/min.ug,1,pmol/min.ug
mJ,1,mJ
10^-6 microM/s,1,10^-6 microM/s
L/mol/s,1,L/mol/s
10'-2k/min,1,10'-2k/min
mg.equiv,1,mg.equiv
pm/min/mg,1,pm/min/mg
tons/ha,1,tons/ha
uMequiv,1,uMequiv
ucat/L,1,ucat/L
pM (4 min)-1 (mg of protein)-1,1,pM (4 min)-1 (mg of protein)-1
mg ml-1 kg-1,1,mg ml-1 kg-1
fM ug-1 min-1,1,fM ug-1 min-1
uL/ml.millig,1,uL/ml.millig
%ID.m^-2,1,%ID.m^-2
mg/gof liver,1,mg/gof liver
10'-11uM,1,10'-11uM
milli optical density/minute,1,milli optical density/minute
10'5/min/M,1,10'5/min/M
pmol/microM,1,pmol/microM
ug/hr.kg,1,ug/hr.kg
% dpm,1,% dpm
number ul-1,1,number ul-1
uM L,1,uM L
10^6m/s,1,10^6m/s
rd mCi-1,1,rd mCi-1
10^5cal/mol,1,10^5cal/mol
/min/mM,1,/min/mM
/M/min,1,/M/min
10E3*1/M,1,10E3*1/M
10'7/s/microM,1,10'7/s/microM
%mol/mol,1,%mol/mol
abs/min,1,abs/min
nM/min,1,nM/min
10'7PFU/ml,1,10'7PFU/ml
ugAi/L,1,ugAi/L
umol/hr,1,umol/hr
IU/l,1,IU/l
cpm/uL,1,cpm/uL
(ul of blood) (2ml BALF)-1,1,(ul of blood) (2ml BALF)-1
ug.h-1.mL-1,1,microg.hr/mL
mU min dl-1,1,mU min dl-1
ha2,1,ha2
nmol/L,1,nmol/L
pmol/min/pmol,1,pmol/min/pmol
Molecules (LDL particle)-1,1,Molecules (LDL particle)-1
(mg of base) kg-1,1,(mg of base) kg-1
ug mg-1 kg-1,1,ug mg-1 kg-1
pIC50,1,pIC50
l M-1,1,l M-1
10'3/uM/s,1,10'3/uM/s
10'5nM,1,10'5nM
min uM-1,1,min uM-1
ng.hr2/ml,1,ng.hr2/ml
BWC,1,BWC
gkidney-1,1,(g kidney)-1
ug rat-1,1,ug rat-1
microg/mL2,1,microg/mL2
uL/ml/kg,1,uL/ml/kg
months,1,months
ug.ml-1,1,ug.ml-1
10^-8mol,1,10^-8mol
uM/min,1,uM/min
Mequiv,1,Mequiv
10^-7/s,1,10^-7/s
bpm,1,bpm
ug/uL,1,ug/uL
fM uterus-1,1,fM uterus-1
% kg dose g-1,1,% kg dose g-1
umol/L/min,1,umol/L/min
nM.kg/mg,1,nM.kg/mg
rotations min-1,1,rotations min-1
% delta,1,% delta
10'-3No_unit,1,10'-3No_unit
deltaA/s,1,deltaA/s
nM l-1 hr-1,1,nM l-1 hr-1
uM tube-1,1,uM tube-1
mg%,1,mg%
IU/ml/hr,1,IU/ml/hr
10'-7cpm/min,1,10'-7cpm/min
(umol.h/L)/(mg/kg),1,(umol.h/L)/(mg/kg)
ng mg-1,1,ng mg-1
uM g-1,1,uM g-1
10'9uL,1,10'9uL
10'-3deltaA/s,1,10'-3deltaA/s
10'-5g,1,10'-5g
g dl-1M-1,1,g dl-1M-1
nmol/mg LDL,1,nmol/mg LDL
10^-6/s,1,10^-6/s
ug.cm-3,1,microg/cm3
cm (10e3*hr)-1,1,cm (10e3*hr)-1
uM hr ml-1,1,uM hr ml-1
10'6/nM/min,1,10'6/nM/min
pmol/min/g,1,pmol/min/g
M min-1 kg-1,1,M min-1 kg-1
U/ml/min,1,U/ml/min
ug fly-1,1,ug fly-1
mg.min/dL,1,mg.min/dL
nM (g of tissue)-1,1,nM (g of tissue)-1
ml mg-1 kg-1,1,ml mg-1 kg-1
mmolequiv/L,1,mmolequiv/L
10^2 ug/ml,1,10^2 ug/ml
pA2,1,pA2
ng/mL.kg,1,ng/mL.kg
uM (g of tissue)-1,1,uM (g of tissue)-1
m equiv 6hr-1 kg-1 (body weight)-1,1,m equiv 6hr-1 kg-1 (body weight)-1
M/min,1,M/min
10'-3microM,1,10'-3microM
10'-1/s,1,10'-1/s
/min/nM,1,/min/nM
Kcal/kg/hr,1,Kcal/kg/hr
uM.hr.kg,1,uM.hr.kg
umolequiv/L,1,umolequiv/L
[Na+]/[K+],1,[Na+]/[K+]
umol/min/g,1,umol/min/g
pmolequiv,1,pmolequiv
10^4No_unit,1,10^4No_unit
ug h ml-1 kg-1,1,ug h ml-1 kg-1
nM (10e6*cells)-1,1,nM (10e6*cells)-1
mg g-1 day-1,1,mg g-1 day-1
10^-17M,1,10^-17M
10'-5 uM/s,1,10'-5 uM/s
ug brain-1,1,ug brain-1
10'-4/s,1,10'-4/s
ug cm**-2,1,ug cm**-2
mg/kg/hr,1,mg/kg/hr
J cm**-2,1,J cm**-2
ug/10e6,1,ug/10e6
U/g.Hb,1,U/g.Hb
min1 M1,1,min1 M1
K/uL,1,K/uL
uL/cm2,1,uL/cm2
10'4 /uL,1,10'4 /uL
10'-12/min,1,10'-12/min
pmol/g,1,pmol/g
uM mM-1,1,uM mM-1
mM-1 s-1,1,mM-1 s-1
10'3/min,1,10'3/min
ug rat-1 hr-1,1,ug rat-1 hr-1
k hr-1,1,k hr-1
10'-4umol/ml,1,10'-4umol/ml
10'-8m/s,1,10'-8m/s
10'11L/mol,1,10'11L/mol
10'-3mmol/kg,1,10'-3mmol/kg
10'4/M/min,1,10'4/M/min
M-1-s-1,1,M-1-s-1
ug min g-1,1,ug min g-1
10^-5/nM/s,1,10^-5/nM/s
mL/min,1,mL/min
10^3/s,1,10^3/s
ng/(hr.mL.mg.kg),1,ng/(hr.mL.mg.kg)
pg mg-1,1,pg mg-1
SUV.min,1,SUV.min
L/mmol/s,1,L/mmol/s
nmol/hr,1,nmol/hr
hr.ng/ml,1,hr.ng/ml
10'-11 ug/ml,1,10'-11 ug/ml
hr.kg.L,1,hr.kg.L
1/Pmax s,1,1/Pmax s
uM.min,1,uM.min
uh ml-1,1,uh ml-1
10'9/L,1,10'9/L
10^-3/microM/s,1,10^-3/microM/s
10^2No_unit,1,10^2No_unit
nM hr-1 mg-1,1,nM hr-1 mg-1
mm**2,1,mm**2
mg uM  kg-1 day-1,1,mg uM  kg-1 day-1
10^12/M/s,1,10^12/M/s
10'-2mg/ml,1,10'-2mg/ml
10^6IFU/ml,1,10^6IFU/ml
pM 10min-1,1,pM 10min-1
umol.L-1.h-1,1,uM/hr
10'8pM,1,10'8pM
10^-5mg/ml,1,10^-5mg/ml
degrees F,1,degrees F
g/cm2,1,g/cm2
mm rat-1,1,mm rat-1
M hr-1,1,M hr-1
turns 5min-1,1,turns 5min-1
10^-5/mM/s,1,10^-5/mM/s
ml/mg/kg,1,ml/mg/kg
umol.hr/kg,1,umol.hr/kg
fM assay-1,1,fM assay-1
pM (mg of protein)-1,1,pM (mg of protein)-1
ng.h-1.ml-1,1,ng.h-1.ml-1
mM (l of whole blood)-1,1,mM (l of whole blood)-1
/abs/min,1,/abs/min
10'6/mm3,1,10'6/mm3
10'4Meq,1,10'4Meq
pmg kg-1 day-1,1,pmg kg-1 day-1
10'-2M,1,10'-2M
(m equiv) 6hr-1 kg-1,1,(m equiv) 6hr-1 kg-1
nanometer2,1,nanometer2
hr.kg.ug/ml/mg,1,hr.kg.ug/ml/mg
M min-1,1,M min-1
10^4 uM,1,10^4 uM
L/Kg,1,L/Kg
U.ml-1,1,U ml-1
10^-4/uM/min,1,10^-4/uM/min
10'3/mm3,1,10'3/mm3
/min.uM,1,/min.uM
10'1/s,1,10'1/s
mg/uL,1,mg/uL
m equiv [H+] l-1,1,m equiv [H+] l-1
uCi ml-1,1,uCi ml-1
microg/cm2,1,microg/cm2
nmol/g.hr,1,nmol/g.hr
day.ng/ml,1,day.ng/ml
/min/uL,1,/min/uL
10'3s,1,10'3s
10^7/M/s,1,10^7/M/s
ng.hr/ml/mg,1,ng.hr/ml/mg
nM hr-1,1,nM hr-1
(ug of cross-linked protein) (mg of protein)-1,1,(ug of cross-linked protein) (mg of protein)-1
10'-3uM/min,1,10'-3uM/min
RLU 10s-1,1,RLU 10s-1
um3,1,um3
uL/min/1E6 cells,1,uL/min/1E6 cells
pM/10e9,1,pM/10e9
10'-4 uM/s,1,10'-4 uM/s
mg.hr/kg,1,mg.hr/kg
10'-10mol/min,1,10'-10mol/min
10'1 ug/ml,1,10'1 ug/ml
10^-5 cm/min,1,10^-5 cm/min
mmol.ml-1,1,mmol/ml
10'3No_unit,1,10'3No_unit
pmol adducts/mg DNA,1,pmol adducts/mg DNA
10'-9mol/L,1,10'-9mol/L
10'-5min,1,10'-5min
10'-4/uM/s,1,10'-4/uM/s
hr.ng/L,1,hr.ng/L
nM mg-1,1,nM mg-1
10^-6m/s,1,10^-6m/s
molar excess,1,molar excess
10^9(p/s)(uW/cm^2),1,10^9(p/s)(uW/cm^2)
u equiv of [Na+] kg-1 hr-1,1,u equiv of [Na+] kg-1 hr-1
10^6/s,1,10^6/s
pM/min/mg,1,pM/min/mg
hr.hr.ng/ml,1,hr.hr.ng/ml
cmH2O/ms,1,cmH2O/ms
(ml of NaOH) min-1,1,(ml of NaOH) min-1
nM.hr/mg,1,nM.hr/mg
10'4mol/L,1,10'4mol/L
sigma pi,1,sigma pi
nmol/cm2/hr,1,nmol/cm2/hr
10'16 uM,1,10'16 uM
micrometer,1,micrometer
mg/mm3,1,mg/mm3
uM h kg/mg,1,uM h kg/mg
ml/cm3/min,1,ml/cm3/min
deltaA.10^4nmol-1,1,deltaA.10^4nmol-1
10e3 s-1,1,10e3 s-1
10^8/M/s,1,10^8/M/s
mg kg-1 diet,1,mg kg-1 diet
10^-3/M,1,10^-3/M
Ms-1,1,Ms-1
10^7.99CFU/g,1,10^7.99CFU/g
mM hr dose-1,1,mM hr dose-1
10^13L/mol.s,1,10^13L/mol.s
10'-3mg/ml,1,10'-3mg/ml
mg kg-1 i.d.,1,mg kg-1 i.d.
ml min-1,1,ml min-1
umol/dm3,1,umol/dm3
10^3/uM/s,1,10^3/uM/s
mg.s.L-1,1,mg.min/L
quanta,1,quanta
mV/ms,1,mV/ms
L,1,L
log10PFU/ml,1,log10PFU/ml
nmol.hr/g,1,nmol.hr/g
pg 5ul-1,1,pg 5ul-1
10'-15 ug/ml,1,10'-15 ug/ml
eV,1,eV
L/mol/min,1,L/mol/min
10'-51No_unit,1,10'-51No_unit
hr.microg/ml,1,hr.microg/ml
umol/kg/hr,1,umol/kg/hr
MPK,1,MPK
10e-6 cm s-1,1,10e-6 cm s-1
L.h-1,1,L.h-1
ng.Eq/ml,1,ng.Eq/ml
ug/ml.hr'2,1,ug/ml.hr'2
mg/day,1,mg/day
10^12L/mol/s,1,10^12L/mol/s
10'8/M/min,1,10'8/M/min
1/M1/S,1,1/M1/S
pM 0.5hr-1,1,pM 0.5hr-1
10'7uM,1,10'7uM
fM,1,fM
mg (g of tissue)-1,1,mg (g of tissue)-1
uM J-1,1,uM J-1
10^-4/nM/s,1,10^-4/nM/s
inches,1,inches
uM day-1,1,uM day-1
10'9/M,1,10'9/M
/10^6mm3,1,/10^6mm3
10'-6mg/kg,1,10'-6mg/kg
g/acre,1,g/acre
(mg/kg)/(ng/ml)/hr,1,(mg/kg)/(ng/ml)/hr
10^7/M/min,1,10^7/M/min
0-24hr,1,0-24hr
U (mg of protein)-1,1,U (mg of protein)-1
ml.kg-1,1,ml/kg
KA,1,KA
10e3 ul-1,1,10e3 ul-1
cps/ml,1,cps/ml
U M-1 s-1,1,U M-1 s-1
nM.min/ml,1,nM.min/ml
*10e6/s,1,*10e6/s
10'-5cm/hr,1,10'-5cm/hr
V/s,1,V/s
mol/g,1,mol/g
uM.hr.kg/mg,1,uM.hr.kg/mg
uM h/mpk,1,uM h/mpk
10^4M,1,10^4M
mU m l-1,1,mU m l-1
mg/dl.hr,1,mg/dl.hr
10E3/mm3,1,10E3/mm3
mg/min/microL,1,mg/min/microL
ml/min/10^6cells,1,ml/min/10^6cells
umol.s-1,1,nmol/sec
mg/hr/kg,1,mg/hr/kg
10'-5/s/nM,1,10'-5/s/nM
hr2.ug/g,1,hr2.ug/g
uM x h/dose,1,uM x h/dose
mg.min/m3,1,mg.min/m3
pM min-1 well-1,1,pM min-1 well-1
N,1,N
mg 100g-1,1,mg 100g-1
10^-6No_unit,1,10^-6No_unit
meter/s,1,meter/s
nmol of pHB/min/mg of protein,1,nmol of pHB/min/mg of protein
ug equiv g-1,1,ug equiv g-1
MFU,1,MFU
ng hr ml-1,1,ng hr ml-1
10'6/s,1,10'6/s
mg day-1,1,mg day-1
ng/dl,1,ng/dl
10^6uM,1,10^6uM
(m equiv [Na+]) kg-1,1,(m equiv [Na+]) kg-1
10'5CFU/ml,1,10'5CFU/ml
10'3/cm2,1,10'3/cm2
/kM/s,1,/kM/s
10'4M,1,10'4M
uM-1 min**-2,1,uM-1 min**-2
millimeter/hr,1,millimeter/hr
10'1AU.min,1,10'1AU.min
k,1,k
hr-1,1,hr-1
10'3ug/ml,1,10'3ug/ml
pmol/(min.ug),1,pmol/(min.ug)
mA,1,mA
dpm ml-1,1,dpm ml-1
ml/min,1,ml/min
10'-6cm/s2,1,10'-6cm/s2
hr.%ID/ml,1,hr.%ID/ml
10'-6umol/ml,1,10'-6umol/ml
ug .hr/g,1,ug .hr/g
pfu mg-1,1,pfu mg-1
10^-9/min,1,10^-9/min
mmol/L.min,1,mmol/L.min
10^4/s/M,1,10^4/s/M
pmol/OD/min,1,pmol/OD/min
AU/mm,1,AU/mm
10E6/mm3,1,10E6/mm3
10'-4m3/mol,1,10'-4m3/mol
pA,1,pA
mg kg-1 hr-1,1,mg kg-1 hr-1
10^-5 cm/s,1,10^-5 cm/s
ugequiv/ml,1,ugequiv/ml
dpm mg-1,1,dpm mg-1
ng.eq.h.ml-1,1,ng.eq.h.ml-1
10'6/min,1,10'6/min
ug (g of abscess)-1,1,ug (g of abscess)-1
10^-2M,1,10^-2M
nanoseconds,1,nanoseconds
disintegrations/minute,1,disintegrations/minute
uM of MDA (mM of deoxyribose)-1,1,uM of MDA (mM of deoxyribose)-1
micromol/m2/s,1,micromol/m2/s
FU uM-1,1,FU uM-1
mm3/day,1,mm3/day
10'9CFU/ml,1,10'9CFU/ml
M/m3,1,M/m3
day of death,1,day of death
10^-4 ug/ml,1,10^-4 ug/ml
po,1,po
nM min-1 (10e6*cells)-1,1,nM min-1 (10e6*cells)-1
pM assay-1 hr-1,1,pM assay-1 hr-1
ml/min.kg,1,ml/min.kg
ug/kg,1,ug/kg
ug (g of wet tissue)-1,1,ug (g of wet tissue)-1
10^9CFU/ml,1,10^9CFU/ml
hr2.ng/ml,1,hr2.ng/ml
10'3mol/dm3/s,1,10'3mol/dm3/s
ug/min/mg,1,ug/min/mg
10'-8cm/s,1,10'-8cm/s
g day-1,1,g day-1
pmol/min/mg protein,1,pmol/min/mg protein
mL.min-1.kg-1,1,mL.min-1.kg-1
RFU/min,1,RFU/min
uM.kg/diet,1,uM.kg/diet
Papp* 10E6 cm/s,1,Papp* 10E6 cm/s
ug min/mL,1,ug min/mL
ml kg-1,1,ml kg-1
mmolequiv,1,mmolequiv
pM min-1 (mg of protein)-1,1,pM min-1 (mg of protein)-1
10'1/mm2,1,10'1/mm2
um3.um2/day,1,um3.um2/day
uEq,1,uEq
umol/dm'2,1,umol/dm'2
10^3/min,1,10^3/min
micromol/dl,1,micromol/dl
10'-6 cm/s,1,10'-6 cm/s
10^5/M/min,1,10^5/M/min
10^9/L,1,10^9/L
min.g/L,1,min.g/L
10'-3 ug/cm2,1,10'-3 ug/cm2
ng dl-1,1,ng dl-1
Ei,1,Ei
A% min-1,1,A% min-1
mM hr-1,1,mM hr-1
ugAi/ml,1,ugAi/ml
ug/min,1,ug/min
10'-8mg/ml,1,10'-8mg/ml
uL,1,uL
min/ml/hr,1,min/ml/hr
FU,1,FU
10'9PFU,1,10'9PFU
ml/cm,1,ml/cm
10^8/g,1,10^8/g
10'-5/RU/s,1,10'-5/RU/s
g l-1,1,g l-1
(ug of misoprostol) kg-1,1,(ug of misoprostol) kg-1
nM equiv (mg of tissue)-1,1,nM equiv (mg of tissue)-1
m/3h,1,m/3h
ug hr uM-1,1,ug hr uM-1
nM kg-1,1,nM kg-1
pM of cGMP (min)-1 (mg of protein)-1,1,pM of cGMP (min)-1 (mg of protein)-1
mL/min/m2,1,mL/min/m2
g/ml/min,1,g/ml/min
Ci/M,1,Ci/M
1-s,1,1-s
(ng of TXB2) (mg of protein)-1,1,(ng of TXB2) (mg of protein)-1
hr.ug/g,1,hr.ug/g
10^14L/mol/s,1,10^14L/mol/s
ng/mL.hr'2,1,ng/mL.hr'2
Torr,1,Torr
l uM-1,1,l uM-1
uL/min,1,uL/min
ngequiv/ml/mg,1,ngequiv/ml/mg
mcg/mL,1,mcg/mL
pg/ml/min,1,pg/ml/min
uL/(min.pmol),1,uL/(min.pmol)
mmHg hr-1,1,mmHg hr-1
/10^3mm3,1,/10^3mm3
m/M,1,m/M
0-infinity,1,0-infinity
mg.hr/ml,1,mg.hr/ml
1/Pmax,1,1/Pmax
10'5mM,1,10'5mM
ul min-1 kg-1,1,ul min-1 kg-1
mM.min,1,mM.min
nmol/min/nmol,1,nmol/min/nmol
ml/hr/mg,1,ml/hr/mg
10'-2g,1,10'-2g
min.ug/ml,1,min.ug/ml
10^-8mol/s,1,10^-8mol/s
10^4/M/min,1,10^4/M/min
ug/mol,1,ug/mol
(nM of CO2) 30min-1 (mg of protein)-1,1,(nM of CO2) 30min-1 (mg of protein)-1
L/hr/m2,1,L/hr/m2
10-6 cm s-1,1,10-6 cm s-1
equiv/uM,1,equiv/uM
10^3No_unit,1,10^3No_unit
microA,1,microA
10'8M,1,10'8M
10'4L/mol/s,1,10'4L/mol/s
10'7mol/J,1,10'7mol/J
ml/cm3,1,ml/cm3
ug mouse-1,1,ug mouse-1
10'8/M/s,1,10'8/M/s
ng/L,1,ng/L
uM/day,1,uM/day
10'-12 ug/ml,1,10'-12 ug/ml
t/2,1,t/2
uM-1,1,uM-1
mg uM kg-1,1,mg uM kg-1
M of drug (M of BSA)-1,1,M of drug (M of BSA)-1
ug/(min.mg),1,ug/(min.mg)
10^2 mm,1,10^2 mm
10'2/Da,1,10'2/Da
%Idose/L,1,%Idose/L
dpm,1,dpm
pmol/E109 cells,1,pmol/E109 cells
MU,1,MU
(mg/kg)/(ng/ml),1,(mg/kg)/(ng/ml)
10^-6cm2/s,1,10^-6cm2/s
10'-1microM,1,10'-1microM
nM/mgM,1,nM/mgM
ug of B (g of cells)-1,1,ug of B (g of cells)-1
dpm dl-1,1,dpm dl-1
ngequiv,1,ngequiv
mg/cm3,1,mg/cm3
lL/min/million,1,lL/min/million
/mM,1,/mM
min.uM,1,min.uM
nM s-1,1,nM s-1
mmol/m2/s,1,mmol/m2/s
meg.L-1,1,meq/L
10'5pM,1,10'5pM
10'4/mol,1,10'4/mol
pixel,1,pixel
c.p.m. hr-1,1,c.p.m. hr-1
ng day-1,1,ng day-1
cal/mol/deg,1,cal/mol/deg
mg/(ng/ml)/min,1,mg/(ng/ml)/min
D4,1,D4
pmol.min/mg,1,pmol.min/mg
/10'3mm'-3,1,/10'3mm'-3
equiv,1,equiv
uA.cm^-2,1,uA.cm^-2
/M/hr,1,/M/hr
ml min-1 mg-1,1,ml min-1 mg-1
nm s-1,1,nm s-1
nM/mg of dry wt,1,nM/mg of dry wt
10^3/M.s,1,10^3/M.s
nM.hr/mg/kg,1,nM.hr/mg/kg
M g-1,1,M g-1
ug ear-1,1,ug ear-1
ug equiv ml-1,1,ug equiv ml-1
10^4CFU/mg,1,10^4CFU/mg
mm day-1,1,mm day-1
1/M*s,1,1/M*s
10'-4M/ml,1,10'-4M/ml
m equiv,1,m equiv
kJ/cm2,1,kJ/cm2
ka/Ks,1,ka/Ks
100ml g-1 min-1,1,100ml g-1 min-1
10e3mm,1,10e3mm
10^7/M,1,10^7/M
% dose g-1,1,% dose g-1
10'-4L/min,1,10'-4L/min
(nM of XMP formed) hr-1 (mg of protein)-1,1,(nM of XMP formed) hr-1 (mg of protein)-1
(null),1,(null)
pg/L,1,pg/L
10'3cm,1,10'3cm
uM-1 kg-1,1,uM-1 kg-1
m equiv 5hr-1 kg-1,1,m equiv 5hr-1 kg-1
10'-6cm/s,1,10'-6cm/s
TD50/MIC50,1,TD50/MIC50
toxicity,1,toxicity
10'-7mol/s,1,10'-7mol/s
nmol/ml.hr,1,nmol/ml.hr
10^-5L/mol,1,10^-5L/mol
/ms,1,/ms
10'4No_unit,1,10'4No_unit
umol/min/ml,1,umol/min/ml
ml/min.g,1,ml/min.g
10e3* M-1 s-1,1,10e3* M-1 s-1
10'10M,1,10'10M
weight,1,weight
°C,1,°C
nl/min,1,nl/min
ms,1,ms
ug hr ml-1,1,ug hr ml-1
10e4 M-1 s-1,1,10e4 M-1 s-1
ml.min-1,1,ml.min-1
/nM.min,1,/nM.min
RU^2,1,RU^2
uM min-1 mg-1,1,uM min-1 mg-1
number passed,1,number passed
10^-4ml/g/s,1,10^-4ml/g/s
/nM,1,/nM
10'-3dpm,1,10'-3dpm
10'-13 ug/ml,1,10'-13 ug/ml
cal/mol.K,1,cal/mol.K
10^3cal/mol/degree,1,10^3cal/mol/degree
g/mol,1,g/mol
M (M of enzyme)-1,1,M (M of enzyme)-1
kJ m**-2,1,kJ m**-2
10'2/M,1,10'2/M
(nM of CO2) hr-1 mg-1,1,(nM of CO2) hr-1 mg-1
nM MDA (mg LDL)-1,1,nM MDA (mg LDL)-1
10^10L/mol/s,1,10^10L/mol/s
10'6dpm,1,10'6dpm
M acre-1,1,M acre-1
nM/mg,1,nM/mg
10^-7/hr,1,10^-7/hr
pmol/min/cm2,1,pmol/min/cm2
10^-8M,1,10^-8M
ml d-1,1,ml d-1
Kg,1,Kg
10^4L/mol,1,10^4L/mol
10'14/M/s,1,10'14/M/s
10^3 uM,1,10^3 uM
M-min,1,M-min
10^-7 cm/s,1,10^-7 cm/s
10^-5cm/s,1,10^-5cm/s
cm2,1,cm2
millimeter/sec,1,millimeter/sec
rad equiv,1,rad equiv
mg.mouse-1,1,mg mouse-1
L/hr/mg,1,L/hr/mg
pM/mg/minute,1,pM/mg/minute
10^3/Ms,1,10^3/Ms
10'9/ml,1,10'9/ml
hr/mL,1,hr/mL
degreeC.hr,1,degreeC.hr
AU/min,1,AU/min
10^7/M.s,1,10^7/M.s
10'-29M,1,10'-29M
mean day of death,1,mean day of death
mg of protein,1,mg of protein
cysts g-1,1,cysts g-1
1/Maa,1,1/Maa
uV,1,uV
Counts min-1,1,Counts min-1
Bq,1,Bq
ng.h.mL-1,1,ng.hr.mL-1
10'7/M.s,1,10'7/M.s
turns min-1,1,turns min-1
mol/mol,1,mol/mol
pmol/min.mg,1,pmol/min.mg
nM g-1,1,nM g-1
mpk,1,mpk
ug/10^6 cells,1,ug/10^6 cells
10'-3/min,1,10'-3/min
hr.Kg/L,1,hr.Kg/L
10^-3/uM/min,1,10^-3/uM/min
pg/ml,1,pg/ml
pM g-1,1,pM g-1
10^-15M,1,10^-15M
mg/ng/ml,1,mg/ng/ml
pM/mg,1,pM/mg
pM l-1,1,pM l-1
um2/s,1,um2/s
10^-8nmol,1,10^-8nmol
ml/min/umol,1,ml/min/umol
10^-1/M/s,1,10^-1/M/s
/ 5,1,/ 5
mM-hr,1,mM-hr
10^3/M/min,1,10^3/M/min
uL/min/pmol,1,uL/min/pmol
mg/me2,1,mg/me2
nM U-1 hr-1,1,nM U-1 hr-1
umol/cm2/hr,1,umol/cm2/hr
uS,1,uS
10^5/Ms,1,10^5/Ms
14 day,1,14 day
ml/(min.mg),1,ml/(min.mg)
10^6/100microL,1,10^6/100microL
10e4*cm min-1,1,10e4*cm min-1
10^2/M,1,10^2/M
*10e6,1,*10e6
Svedberg,1,Svedberg
mg m**-2,1,mg m**-2
10^9/M,1,10^9/M
c.p.m./Abs,1,c.p.m./Abs
pM well-1,1,pM well-1
uL/min.ml,1,uL/min.ml
10'-6nanometer/s,1,10'-6nanometer/s
disintegrations/min,1,disintegrations/min
uL/min/U,1,uL/min/U
log10[CFU].g-1,1,log10CFU/g
ns,1,ns
micromol/min,1,micromol/min
10'7(1/Ms),1,10'7(1/Ms)
10'5uM,1,10'5uM
PuM,1,PuM
IU ml-1,1,IU ml-1
ng/mL.hr,1,ng/mL.hr
1E4/M,1,1E4/M
mol/min/L,1,mol/min/L
10'-6uL/min,1,10'-6uL/min
mmol.L/hr,1,mmol.L/hr
10^-5/min,1,10^-5/min
10'-5cm/s,1,10'-5cm/s
nM min-1 ml-1,1,nM min-1 ml-1
CC/OC,1,CC/OC
0-15 scale,1,0-15 scale
MST,1,MST
10^-6/M/s,1,10^-6/M/s
10'3ml/min,1,10'3ml/min
10^-4 uM/s,1,10^-4 uM/s
10'6nM,1,10'6nM
nM min-1 (unit XOD)-1,1,nM min-1 (unit XOD)-1
uM hr l-1,1,uM hr l-1
cm/s * 10E6,1,cm/s * 10E6
%/mmol,1,%/mmol
10'-7/M/s,1,10'-7/M/s
10'-4 ug/cm2,1,10'-4 ug/cm2
CPP/GLY,1,CPP/GLY
10^-3/hr,1,10^-3/hr
10e6 F,1,10e6 F
microM.hr,1,microM.hr
10'-6/s,1,10'-6/s
quanta*10e-18,1,quanta*10e-18
pM U-1 min-1,1,pM U-1 min-1
uM hr-1 ml-1,1,uM hr-1 ml-1
um3/um2/day,1,um3/um2/day
optical density/minute,1,optical density/minute
nM hr-1 ml-1,1,nM hr-1 ml-1
10'2umol/kg,1,10'2umol/kg
/100WBC,1,/100WBC
dB,1,dB
10'-6microL,1,10'-6microL
mg/Ecm,1,mg/Ecm
uM*h*kg/mg,1,uM*h*kg/mg
uCi min ml-1,1,uCi min ml-1
nM/unit,1,nM/unit
dec,1,dec
pmol/min/ml,1,pmol/min/ml
10e-3 min-1,1,10e-3 min-1
mg/10g body weight,1,mg/10g body weight
10^3log10CFU/ml,1,10^3log10CFU/ml
10^-7M,1,10^-7M
ug.hr2/L,1,ug.hr2/L
%ID,1,%ID
mg hr-1 kg-1,1,mg hr-1 kg-1
total picomoles,1,total picomoles
0-tldc,1,0-tldc
microM.hr'2,1,microM.hr'2
mV,1,mV
microL/ml/min,1,microL/ml/min
10'-3ml/s/g,1,10'-3ml/s/g
g/Kg,1,g/Kg
10'-5/min,1,10'-5/min
Counts hr-1,1,Counts hr-1
10^3(1/Ms),1,10^3(1/Ms)
10^-8cm/s,1,10^-8cm/s
pg/hr,1,pg/hr
T-C,1,T-C
M dm-3,1,M dm-3
nM/min/mg,1,nM/min/mg
nM equiv (ml of blood)-1,1,nM equiv (ml of blood)-1
10^12L/mol.s,1,10^12L/mol.s
nM hr-1 (mg of protein)-1,1,nM hr-1 (mg of protein)-1
L/min,1,L/min
g/cm3,1,g/cm3
pM hr-1 g-1,1,pM hr-1 g-1
ppm/g/hr,1,ppm/g/hr
ng ml-1 hr-1,1,ng ml-1 hr-1
10'-4umol/min/U,1,10'-4umol/min/U
umol/kg.min,1,umol/kg.min
Ke nM-1,1,Ke nM-1
10^6 /uL,1,10^6 /uL
10'5L/M,1,10'5L/M
0-5h,1,0-5h
umol/l.hr,1,umol/l.hr
(nM of vector) (ug of DNA)-1,1,(nM of vector) (ug of DNA)-1
10'-11M,1,10'-11M
10'-5mg/ml,1,10'-5mg/ml
*10e-5,1,*10e-5
c,1,c
nM.hr/ml,1,nM.hr/ml
hr.hr.ug/ml,1,hr.hr.ug/ml
1/M*1/S,1,1/M*1/S
/cm,1,/cm
10^1 uM,1,10^1 uM
L.h.Kg-1,1,L.h.Kg-1
nmol.L-1,1,nmol.L-1
10^-5 uM,1,10^-5 uM
10'2No_unit,1,10'2No_unit
nmol/g,1,nmol/g
mmol/L/hr,1,mmol/L/hr
10'-7/s,1,10'-7/s
AU.min,1,AU.min
10^-2mm,1,10^-2mm
AUC units,1,AUC units
mm.mg-1.ml-1,1,millimeter/mg/ml
nM (nM of NOS),1,nM (nM of NOS)
fM ml-1,1,fM ml-1
(fM of O6-MeG removed) (mg of protein)-1,1,(fM of O6-MeG removed) (mg of protein)-1
10^-9M,1,10^-9M
ug .h/g,1,ug .h/g
(nM of drug) min-1 ml-1,1,(nM of drug) min-1 ml-1
10^-10mol/L,1,10^-10mol/L
10'-1 ug/ml,1,10'-1 ug/ml
l/hr,1,l/hr
pmol/mg.min,1,pmol/mg.min
L/hr/1.73 m2,1,L/hr/1.73 m2
Gy,1,Gy
0-10,1,0-10
(m equiv [Na+]) 5hr-1 kg-1,1,(m equiv [Na+]) 5hr-1 kg-1
dyn/cm,1,dyn/cm
uM/micrometer/s,1,uM/micrometer/s
10'11L/mol/s,1,10'11L/mol/s
ng/mL.hr/(mg/kg),1,ng/mL.hr/(mg/kg)
m M-1 hr-1,1,m M-1 hr-1
nanoampere,1,nanoampere
Counts/minute,1,Counts/minute
(mg of base) 20g-1,1,(mg of base) 20g-1
microM/min,1,microM/min
10'-7mol/kg,1,10'-7mol/kg
10^6/M/min,1,10^6/M/min
ngAoxigen/min/mg of RLM,1,ngAoxigen/min/mg of RLM
ug g-1,1,ug g-1
pmol/(s.cm2),1,pmol/(s.cm2)
OD.mm2-1,1,OD/mm2
pmol·min/mg,1,pmol·min/mg
ug.hr/mL/mg/kg,1,ug.hr/mL/mg/kg
10^1/mm2,1,10^1/mm2
ug ear-1 dose-1,1,ug ear-1 dose-1
uM ear-1,1,uM ear-1
pg/uL,1,pg/uL
10'8nM,1,10'8nM
nM animal-1,1,nM animal-1
kT/e,1,kT/e
ng/min/dl,1,ng/min/dl
mM-1s-1,1,mM-1s-1
pmol.min,1,pmol.min
10^-3/s,1,10^-3/s
nM day-1 kg-1,1,nM day-1 kg-1
Ci/mmol,1,Ci/mmol
-1/min,1,-1/min
ng/dL,1,ng/dL
mmHg/s,1,mmHg/s
delta OD340 min-1,1,delta OD340 min-1
l min-1,1,l min-1
mmHg/min,1,mmHg/min
eggs/g,1,eggs/g
10'-3mol/mol,1,10'-3mol/mol
10'-5/M/s,1,10'-5/M/s
g/dl,1,g/dl
mAU/min/uM,1,mAU/min/uM
10^4/M/cm,1,10^4/M/cm
mg-1 kg-1,1,mg-1 kg-1
nmol of acetaldehyde(AcH) oxide per minute per mg of protein,1,nmol of acetaldehyde(AcH) oxide per minute per mg of protein
Gy/MBq,1,Gy/MBq
10'-2umol/min/U,1,10'-2umol/min/U
uU/ml,1,uU/ml
10^4uL/min/mg,1,10^4uL/min/mg
10'12/L,1,10'12/L
mg/hr/dl,1,mg/hr/dl
pmol/min/mg,1,pmol/min/mg
10'4/Ms,1,10'4/Ms
10^-7mol/L,1,10^-7mol/L
10'3L/mol,1,10'3L/mol
mg kg-1 dose-1,1,mg kg-1 dose-1
Dilution factor,1,Dilution factor
ug (100mg of duodenum)-1,1,ug (100mg of duodenum)-1
10^-3L/mol/min,1,10^-3L/mol/min
uM hr-1,1,uM hr-1
10'6Lmol,1,10'6Lmol
10'5AU/sec,1,10'5AU/sec
10'11L/mol.s,1,10'11L/mol.s
ug/m2/day,1,ug/m2/day
nmol/mg protein/h,1,nmol/mg protein/h
(nmol.h.L-1)/(mg/kg),1,(nmol.h.L-1)/(mg/kg)
mg/L.hr,1,mg/L.hr
g/hm2,1,g/hm2
mmol/L,1,mmol/L
hr.ng/g,1,hr.ng/g
10^3CFU/mg,1,10^3CFU/mg
mmol/Kg,1,mmol/Kg
L/mol,1,L/mol
deltaA.10^4nmol-1.min-1,1,deltaA.10^4nmol-1.min-1
ng/hr.ml,1,ng/hr.ml
delta A min-1,1,delta A min-1
nCi/cc,1,nCi/cc
mean,1,mean
1/minute,1,1/minute
10e7 exchanged dCps (ng of DNA),1,10e7 exchanged dCps (ng of DNA)
hr.nmol/ml,1,hr.nmol/ml
pmol/mm3,1,pmol/mm3
10'-2(1/s),1,10'-2(1/s)
pg/mL,1,pg/mL
U (g of tissue)-1,1,U (g of tissue)-1
10'-3 mol/L,1,10'-3 mol/L
pM hr-1 mg-1,1,pM hr-1 mg-1
10'2/min,1,10'2/min
14-21 day,1,14-21 day
nmol/hr/mL,1,nmol/hr/mL
(mM of AZT) (mg k-carrageenan)-1,1,(mM of AZT) (mg k-carrageenan)-1
g/hr,1,g/hr
um3/um2/yr,1,um3/um2/yr
U/uM,1,U/uM
10^-3micromol/ml,1,10^-3micromol/ml
M/uL,1,M/uL
uL/min.mg,1,uL/min.mg
cm/s,1,cm/s
nM min-1 (nM of cytochrome P450)-1,1,nM min-1 (nM of cytochrome P450)-1
10^3 /uL,1,10^3 /uL
10^8CFU/ml,1,10^8CFU/ml
mol.L-1.min-1.Menzyme-1,1,M min-1 (M of enzyme)-1
ug hr-1 g-1,1,ug hr-1 g-1
10^7cm/s,1,10^7cm/s
mm.L.umol-1,1,mm microL/micromol
10'-9/M,1,10'-9/M
kBq/ml,1,kBq/ml
pmol/million cells,1,pmol/million cells
10'6/M.s,1,10'6/M.s
10^-3umol/L,1,10^-3umol/L
/ 7,1,/ 7
umol.min,1,umol.min
L.kg-1,1,L.kg-1
PFU.mL-1,1,PFU.mL-1
ug/g tissue,1,ug/g tissue
number of dead animals,1,number of dead animals
10'-7mol/L,1,10'-7mol/L
10'6No_unit,1,10'6No_unit
10'11min,1,10'11min
r.p.m.,1,r.p.m.
kBq/cm3,1,kBq/cm3
log(1/M),1,log(1/M)
pM of drug (10e6*cells)-1,1,pM of drug (10e6*cells)-1
10'7L/mol,1,10'7L/mol
10'3/s,1,10'3/s
accumulated counts 30min-1,1,accumulated counts 30min-1
ug (mg of protein)-1,1,ug (mg of protein)-1
/day,1,/day
pg/ml/hr,1,pg/ml/hr
pM kg-1,1,pM kg-1
nmol/kg/day,1,nmol/kg/day
10^9/M/min,1,10^9/M/min
uM/L.min,1,uM/L.min
pEC50,1,pEC50
10'1/M/s,1,10'1/M/s
10^7No_unit,1,10^7No_unit
kcal.mol-1,1,kcal/mol
h,1,h
10'-6/M,1,10'-6/M
*10e-3,1,*10e-3
% hr-1,1,% hr-1
pM min-1*ml-1,1,pM min-1*ml-1
nmol/100.000 cells x h,1,nmol/100.000 cells x h
10'-1ppm,1,10'-1ppm
10'-2mm,1,10'-2mm
uM Pi/min/mg protein,1,uM Pi/min/mg protein
uL/g.min,1,uL/g.min
log10ng/ml,1,log10ng/ml
microg/g,1,microg/g
uM.h/dose,1,uM.h/dose
mg mg-1,1,mg mg-1
ug 100ml-1,1,ug 100ml-1
10'-9PFU/ml,1,10'-9PFU/ml
10^-5/M/s,1,10^-5/M/s
(ng of DNA) dish-1,1,(ng of DNA) dish-1
umolequiv/umol,1,umolequiv/umol
10'-2 ug/cm2,1,10'-2 ug/cm2
cells ml-1,1,cells ml-1
10'-3g/L,1,10'-3g/L
nmol/hr.cm2,1,nmol/hr.cm2
No. of mice tumor free,1,No. of mice tumor free
pM ml-1,1,pM ml-1
10'4nM,1,10'4nM
((mmol/day)/100g),1,((mmol/day)/100g)
mg 10g-1,1,mg 10g-1
10^4/Ms,1,10^4/Ms
Hz,1,Hz
nmol.min.g-1,1,nmol.min.g-1
mBq,1,mBq
mg/kg/microM.hrs,1,mg/kg/microM.hrs
m equiv 6hr-1 kg-1,1,m equiv 6hr-1 kg-1
number of descendants/number of tested,1,number of descendants/number of tested
L/hr/kg,1,L/hr/kg
micromol.hr/L,1,micromol.hr/L
cm/hr,1,cm/hr
ug m/L,1,ug m/L
uL/sec/g,1,uL/sec/g
nM/hr,1,nM/hr
10'-8 /no of units.cm'3,1,10'-8 /no of units.cm'3
10'13nM,1,10'13nM
ug/L,1,ug/L
a.u,1,a.u
nM min-1 (10e-6*cells)-1,1,nM min-1 (10e-6*cells)-1
mg/m3,1,mg/m3
microM.hr.kg/umol,1,microM.hr.kg/umol
L/1.73 m2,1,L/1.73 m2
mgequiv/ml,1,mgequiv/ml
mutants (10e4*survivors)-1,1,mutants (10e4*survivors)-1
log10RLU,1,log10RLU
10'2/s,1,10'2/s
ng.hr,1,ng.hr
mL/mg/kg,1,mL/mg/kg
mN/meter,1,mN/meter
mM hr,1,mM hr
=,1,=
10^4cal/mol,1,10^4cal/mol
IU/ml,1,IU/ml
10'-6/M/s,1,10'-6/M/s
10^-6/nM/s,1,10^-6/nM/s
a.u.,1,a.u.
umol/g tissue,1,umol/g tissue
mg/ml/g,1,mg/ml/g
ug dish-1,1,ug dish-1
number convulsed,1,number convulsed
fold selectivity,1,fold selectivity
10'1mol/dm3/s,1,10'1mol/dm3/s
E^-1%,1,E^-1%
nM/mg*min,1,nM/mg*min
milliosmole,1,milliosmole
dyn/mg,1,dyn/mg
nmolequiv/g,1,nmolequiv/g
ng h/ mL,1,ng h/ mL
kHz,1,kHz
10'-2 cm/s,1,10'-2 cm/s
IU/dl,1,IU/dl
deltaOD/hr,1,deltaOD/hr
mL,1,mL
%Idose,1,%Idose
l,1,l
10'-7 cm/s,1,10'-7 cm/s
ml s-1,1,ml s-1
10^2/M/s,1,10^2/M/s
mm mice-1,1,mm mice-1
mm/m/s,1,mm/m/s
10e-3mm,1,10e-3mm
Clp,1,Clp
L/mg,1,L/mg
10'-1/min,1,10'-1/min
10'-4deltaA/s,1,10'-4deltaA/s
mg 4kg-1,1,mg 4kg-1
ng/nL.hr,1,ng/nL.hr
U/ml,1,U/ml
/mM.s,1,/mM.s
c.p.m. (mg of melanin)-1,1,c.p.m. (mg of melanin)-1
10^5/s/M,1,10^5/s/M
V s-1,1,V s-1
ng/islet/1h,1,ng/islet/1h
mg m-1,1,mg m-1
hr.hr.ng/g,1,hr.hr.ng/g
fmol/ug,1,fmol/ug
number of mice,1,number of mice
pmoles,1,pmoles
micromol/kg,1,micromol/kg
score,1,score
sites cell-1,1,sites cell-1
10'5/Ms,1,10'5/Ms
mM s-1,1,mM s-1
nM 3s-1 (mg of protein)-1,1,nM 3s-1 (mg of protein)-1
10'9/g,1,10'9/g
10e-6ul-1,1,10e-6ul-1
microM/g,1,microM/g
uM mg-1,1,uM mg-1
10'6CFU,1,10'6CFU
mg monkey-1 day-1,1,mg monkey-1 day-1
mmol/g,1,mmol/g
fM (mg of protein)-1,1,fM (mg of protein)-1
% injected dose cm**-3,1,% injected dose cm**-3
mg g-1,1,mg g-1
10'-4mg/ml,1,10'-4mg/ml
hr.nM,1,hr.nM
mAU ml-1,1,mAU ml-1
10^-2/uM/min,1,10^-2/uM/min
cm hr-1,1,cm hr-1
RU,1,RU
mg kg-1 5day-1,1,mg kg-1 5day-1
ng hr g-1,1,ng hr g-1
10'-1mg/ml,1,10'-1mg/ml
10^-11M,1,10^-11M
10^11/M/s,1,10^11/M/s
10^-9mol/L,1,10^-9mol/L
10^13L/mol,1,10^13L/mol
uL.ml-1,1,uL/ml
meq,1,milliequivalent
10^-2/mM/s,1,10^-2/mM/s
mg uM (kg of body weight)-1,1,mg uM (kg of body weight)-1
nM-1 min-1,1,nM-1 min-1
umol/mol,1,umol/mol
mg/min/kg,1,mg/min/kg
(umol/L).min,1,(umol/L).min
mole fraction,1,mole fraction
10^-4/M/s,1,10^-4/M/s
nmol/mouse,1,nmol/mouse
(degrees C)-1,1,(degrees C)-1
number min-1,1,number min-1
EU/ml,1,EU/ml
10^6/mm3,1,10^6/mm3
min.g.nM/mg,1,min.g.nM/mg
%/min,1,%/min
g.hr,1,g.hr
nmol/min.uM,1,nmol/min.uM
mm**-3,1,mm**-3
dpm (mg of protein)-1,1,dpm (mg of protein)-1
kcat/Km,1,kcat/Km
(ng of PGE2) (mg of protein)-1,1,(ng of PGE2) (mg of protein)-1
uL/g,1,uL/g
pmol.hr/ml,1,pmol.hr/ml
g (100g of body weight)-1,1,g (100g of body weight)-1
mmol,1,mmol
U g-1,1,U g-1
10'5mmol/min/mg,1,10'5mmol/min/mg
ml/min/nmol,1,ml/min/nmol
millimeter/min,1,millimeter/min
uM sample-1,1,uM sample-1
g/L,1,g/L
ul g-1,1,ul g-1
10'-4AU/sec,1,10'-4AU/sec
ng/kg,1,ng/kg
M min-1 M-1,1,M min-1 M-1
ug/ml.hr^2,1,ug/ml.hr^2
microL/min/mg,1,microL/min/mg
mM min-1,1,mM min-1
mg/m2,1,mg/m2
ml/hr.kg,1,ml/hr.kg
uM kg-1 s.c.,1,uM kg-1 s.c.
/cm3,1,/cm3
ug/embryo,1,ug/embryo
10'5U/mL,1,10'5U/mL
U/L,1,U/L
/mmol,1,/mmol
beats min-1,1,beats min-1
ug of B g-1,1,ug of B g-1
mg/hr,1,mg/hr
mg-1.g-1,1,mg/g
umol.ml-1,1,uM/ml
M/M,1,M/M
dp/dt,1,dp/dt
a.u.L/mol.cm,1,a.u.L/mol.cm
10'10/M,1,10'10/M
g%,1,g%
cpm,1,cpm
10'9/M/s,1,10'9/M/s
10'3L/M,1,10'3L/M
kCal,1,kCal
ng/10^6 cells × hr,1,ng/10^6 cells × hr
/mm2,1,/mm2
10'3mmol/min/mg,1,10'3mmol/min/mg
10'-1mol/L,1,10'-1mol/L
g cm**-2,1,g cm**-2
g/hr/kg,1,g/hr/kg
mg 100g-1 24hr-1,1,mg 100g-1 24hr-1
10^-12/min,1,10^-12/min
uM-1 min-1,1,uM-1 min-1
mg 100ml-1,1,mg 100ml-1
m equiv l-1,1,m equiv l-1
10^6/s/M,1,10^6/s/M
pmol/mg prot.,1,pmol/mg prot.
umol.mg-1.min-1,1,umol/mg/min
10^13/M/sec,1,10^13/M/sec
hr/L.kg,1,hr/L.kg
10e4*cells,1,10e4*cells
millions,1,millions
10^6L/mol,1,10^6L/mol
/nmol,1,/nmol
millipolarization,1,millipolarization
nmol/hr/microg,1,nmol/hr/microg
10^8/M,1,10^8/M
ml kg-1 6hr-1,1,ml kg-1 6hr-1
ug.min/g,1,ug.min/g
10e-4 K s-1,1,10e-4 K s-1
10'-6cm/min,1,10'-6cm/min
10^-10No_unit,1,10^-10No_unit
10'-9mol/cm2,1,10'-9mol/cm2
%Dose/g,1,%Dose/g
KJ/(mol.K),1,KJ/(mol.K)
deltaA/min,1,deltaA/min
1/uM*sec,1,1/uM*sec
ng/uL,1,ng/uL
10^-5M/min,1,10^-5M/min
10'10PFU,1,10'10PFU
(mg)/(ug/ml)/hr,1,(mg)/(ug/ml)/hr
10'27No_unit,1,10'27No_unit
L/min.mmol,1,L/min.mmol
nmol/cm2,1,nmol/cm2
microsec,1,microsec
10^4/s,1,10^4/s
cm**2,1,cm**2
pM tube-1,1,pM tube-1
L.h/kg,1,L.h/kg
10'-4ppm,1,10'-4ppm
10'6/mol,1,10'6/mol
10'-4No_unit,1,10'-4No_unit
1/M.s,1,1/M.s
10^-1(1/Ms),1,10^-1(1/Ms)
ug hr-1 kg-1,1,ug hr-1 kg-1
number of cells ml-1,1,number of cells ml-1
d se-1,1,d se-1
-mV,1,-mV
pA/pF,1,pA/pF
10^6/M.s,1,10^6/M.s
RFU,1,RFU
10E-6 cm/s,1,10E-6 cm/s
mol,1,mol
HAU/ml,1,HAU/ml
mU/ml,1,mU/ml
nM min-1,1,nM min-1
ng/10^6 cells in 4 h,1,ng/10^6 cells in 4 h
SI,1,SI
Karmen,1,Karmen
ng min-1 rat-1,1,ng min-1 rat-1
pmol/s,1,pmol/s
umol.L-1.min-1.,1,uM min-1
s/counts.M,1,s/counts.M
10'-5ml/s/g,1,10'-5ml/s/g
mIU/L,1,mIU/L
U.L-1,1,U.L-1
10'-4min,1,10'-4min
nmol ofpHB/min/mgof protein,1,nmol ofpHB/min/mgof protein
uM/min/uL,1,uM/min/uL
ml/min.Kg,1,ml/min.Kg
uL/min/mg protein,1,uL/min/mg protein
delta %,1,delta %
10'-2microL,1,10'-2microL
uL/mg/min,1,uL/mg/min
10'2L/mol,1,10'2L/mol
kCal M-1,1,kCal M-1
ml/hr/kg,1,ml/hr/kg
/millimeter,1,/millimeter
10'-6cm,1,10'-6cm
pM (10e6*cells)-1,1,pM (10e6*cells)-1
AU.min/L,1,AU.min/L
10'7/M/min,1,10'7/M/min
fmol,1,fmol
c.p.m.,1,c.p.m.
ug/mL/mg/kg,1,ug/mL/mg/kg
pM 2hr-1,1,pM 2hr-1
T/C,1,T/C
ml s-1 (10e4*g)-1,1,ml s-1 (10e4*g)-1
ppb,1,ppb
L.hr/kg,1,L.hr/kg
kilobase,1,kilobase
10'-10M,1,10'-10M
10'-5/hr,1,10'-5/hr
no. of living cells (10E3) /mL,1,no. of living cells (10E3) /mL
10^3L/mol,1,10^3L/mol
10'-3cpm,1,10'-3cpm
10'-4microL,1,10'-4microL
10'8Lmol,1,10'8Lmol
nM min-1 (mg of protein)-1,1,nM min-1 (mg of protein)-1
10^4/M.s,1,10^4/M.s
10^-6 ug/ml,1,10^-6 ug/ml
ugequiv/g,1,ugequiv/g
kg,1,kg
mg.hr,1,mg.hr
vomiting/tested,1,vomiting/tested
mg/g DW,1,mg/g DW
pfu/ml,1,pfu/ml
10'12/M/s,1,10'12/M/s
log10PFU,1,log10PFU
10'6/Ms,1,10'6/Ms
10e6 l M-1,1,10e6 l M-1
radii.mm-1,1,radii mm-1
kDa,1,kDa
mg/kg/min,1,mg/kg/min
1/ks,1,1/ks
10^-4/uM/s,1,10^-4/uM/s
10'-2/Ms,1,10'-2/Ms
range,1,range
pg/mm2,1,pg/mm2
10^4log10CFU/ml,1,10^4log10CFU/ml
10^-6uL/min,1,10^-6uL/min
10'-2/microM/s,1,10'-2/microM/s
%ID/g/hr,1,%ID/g/hr
pM min-1 assay-1,1,pM min-1 assay-1
10'-4L/M,1,10'-4L/M
10'10/s,1,10'10/s
10^-6M,1,10^-6M
weeks,1,weeks
u equiv min-1,1,u equiv min-1
hr.fmol,1,hr.fmol
10^5L/mol/s,1,10^5L/mol/s
obs,1,obs
pl/min,1,pl/min
ml/mg,1,ml/mg
units ml-1,1,units ml-1
nmol/hr/L,1,nmol/hr/L
10^6/g,1,10^6/g
(equiv of [H+]) 2hr-1,1,(equiv of [H+]) 2hr-1
10^3nM,1,10^3nM
L (M min)-1,1,L (M min)-1
pM of cAMP min-1 mg-1,1,pM of cAMP min-1 mg-1
10'-5M/min,1,10'-5M/min
ug m1 l-1,1,ug m1 l-1
umol/min/kg,1,umol/min/kg
um2,1,um2
10^2cal/mol/degree,1,10^2cal/mol/degree
U mg-1,1,U mg-1
ul-1,1,ul-1
10^-3/M/min,1,10^-3/M/min
fM bound (mg of protein)-1,1,fM bound (mg of protein)-1
uM hr-1 mg-1,1,uM hr-1 mg-1
((ug.h.ml-1)/(mg/kg),1,((ug.h.ml-1)/(mg/kg)
pmol/mg,1,pmol/mg
uL/min/kg,1,uL/min/kg
10^2pM,1,10^2pM
10'13L/mol/s,1,10'13L/mol/s
10'-11/M,1,10'-11/M
10'-12/M/s,1,10'-12/M/s
kJ.mol-1,1,kJ/mol
10^3uM,1,10^3uM
ffu ml-1,1,ffu ml-1
ug ml-1 ml-1,1,ug ml-1 ml-1
g/m,1,g/m
micromol.hr/L/mg/kg,1,micromol.hr/L/mg/kg
ng/g,1,ng/g
10e4min-1,1,10e4min-1
umol/cm3,1,umol/cm3
nM^-1 min^-1,1,nM^-1 min^-1
pnM,1,pnM
10^3/s/M,1,10^3/s/M
nM/10e6,1,nM/10e6
pmol/OD,1,pmol/OD
U/min,1,U/min
nH,1,nH
uM site-1,1,uM site-1
umol/kg/h,1,umol/kg/h
10^-4nM,1,10^-4nM
/cm2,1,/cm2
nmol/Kg,1,nmol/Kg
L/m2,1,L/m2
cal/mol/K,1,cal/mol/K
log10IU/ml,1,log10IU/ml
L/kg/hr,1,L/kg/hr
ml.min/kg,1,ml.min/kg
ng/ml/hr,1,ng/ml/hr
%.hr,1,%.hr
uEq/min,1,uEq/min
uIU/ml,1,uIU/ml
ug (g of tissue)-1,1,ug (g of tissue)-1
pM/mg/hr,1,pM/mg/hr
m equiv 4hr-1,1,m equiv 4hr-1
nmol/g.min,1,nmol/g.min
10^2 nM,1,10^2 nM
uL/g/min,1,uL/g/min
10E3*1/M*1/s,1,10E3*1/M*1/s
molar fraction,1,molar fraction
pmol/min/ug,1,pmol/min/ug
g mouse-1 day-1,1,g mouse-1 day-1
10^-3M,1,10^-3M
(mg/kg)/(uM),1,(mg/kg)/(uM)
ug of B/ml,1,ug of B/ml
ug/hr.ml,1,ug/hr.ml
nmol/min/ug,1,nmol/min/ug
ng.hr.kg/ml/mg,1,ng.hr.kg/ml/mg
10-6 cm/s,1,10-6 cm/s
mg kg-1 p.o.,1,mg kg-1 p.o.
nM min-1 kg-1,1,nM min-1 kg-1
M-2,1,M-2
ng/hr/ml,1,ng/hr/ml
nM/ml,1,nM/ml
pM hr-1 (mg of protein)-1,1,pM hr-1 (mg of protein)-1
10'13/mol/s,1,10'13/mol/s
umol/L/s,1,umol/L/s
10'-10L/mol,1,10'-10L/mol
10'-4/nM/min,1,10'-4/nM/min
10^3/mM/s,1,10^3/mM/s
pmol/mg.hr,1,pmol/mg.hr
nmol/L.min,1,nmol/L.min
uM.h/L,1,uM.h/L
Na2,1,Na2
mg/ml/hr,1,mg/ml/hr
nmol/g tissue,1,nmol/g tissue
mCi animal-1,1,mCi animal-1
10'-2mol%,1,10'-2mol%
rat,1,rat
10^-5 ug/ml,1,10^-5 ug/ml
10^1/M,1,10^1/M
ng.min/g,1,ng.min/g
mU ml-1,1,mU ml-1
um/hr,1,um/hr
10e-3 1/s,1,10e-3 1/s
micrometer/day,1,micrometer/day
diameter mm,1,diameter mm
um,1,Angstrom
10^-4M,1,10^-4M
Counts 30min-1,1,Counts 30min-1
g/m2,1,g/m2
ug/min/cm2,1,ug/min/cm2
nCi g-1,1,nCi g-1
10'3 /uL,1,10'3 /uL
10^-4No_unit,1,10^-4No_unit
10'-2No_unit,1,10'-2No_unit
10^-4L/hr/kg,1,10^-4L/hr/kg
pg.hr/ml,1,pg.hr/ml
10^1/M/s,1,10^1/M/s
A570 min-1,1,A570 min-1
ug.well-1,1,ug well-1
hr/L/kg,1,hr/L/kg
nM.hr/g,1,nM.hr/g
uM.hr/mg.kg,1,uM.hr/mg.kg
/nM/s,1,/nM/s
N/mm,1,N/mm
10'-4L/mol,1,10'-4L/mol
mEq/L,1,mEq/L
10'-6 mol/L,1,10'-6 mol/L
degree,1,degree
microL/min/g,1,microL/min/g
nM.hr.kg/mg,1,nM.hr.kg/mg
nM-1 min-1 (mg of protein)-1,1,nM-1 min-1 (mg of protein)-1
MT/ha,1,MT/ha
(ng/mL)/(mg/kg/day),1,(ng/mL)/(mg/kg/day)
uL/hr,1,uL/hr
(mg/kg)/(ug/ml).hr,1,(mg/kg)/(ug/ml).hr
mg min-1 kg-1,1,mg min-1 kg-1
10'1/M,1,10'1/M
umol.mg-1.hr-1,1,nmol/mg/hr
mgequiv/g,1,mgequiv/g
pM min-1 mg-1,1,pM min-1 mg-1
deltalog10/ml,1,deltalog10/ml
10'-9/min,1,10'-9/min
log10FFU/ml,1,log10FFU/ml
10^4/M,1,10^4/M
pM/min/ml,1,pM/min/ml
10'-7/M,1,10'-7/M
10'3kdyun/cm3,1,10'3kdyun/cm3
/uM,1,/uM
log10/ml,1,log10/ml
ml 4hr-1,1,ml 4hr-1
uM min-1 unit-1,1,uM min-1 unit-1
10'-8mol/kg,1,10'-8mol/kg
Ci mM-1,1,Ci mM-1
10'6PFU,1,10'6PFU
10'-10m2/s,1,10'-10m2/s
pmolequiv/mg,1,pmolequiv/mg
10^-6/mM/s,1,10^-6/mM/s
10'-3nmol,1,10'-3nmol
L.h-1.m-2,1,L.h-1.m-2
cm3,1,cm3
10^3ug/ml,1,10^3ug/ml
m M-1 min-1,1,m M-1 min-1
uM/Gy,1,uM/Gy
mg cm-1,1,mg cm-1
RPKM,1,RPKM
10^-1M,1,10^-1M
nM equiv (ml of urine)-1,1,nM equiv (ml of urine)-1
ml/g,1,ml/g
10^2CFU/ml,1,10^2CFU/ml
10'-3/microM/s,1,10'-3/microM/s
deltalog10pfu/g,1,deltalog10pfu/g
area/min/mg,1,area/min/mg
L/hr,1,L/hr
RFU/s,1,RFU/s
ml 6hr-1 (kg of body weight)-1,1,ml 6hr-1 (kg of body weight)-1
/min/microM,1,/min/microM
uM s-1,1,uM s-1
PbU,1,PbU
l mol-1,1,l mol-1
g/day,1,g/day
kC/sec,1,kC/sec
delta beats min-1,1,delta beats min-1
300mg kg-1,1,300mg kg-1
hr.mmol,1,hr.mmol
cm min-1,1,cm min-1
IU/L,1,IU/L
million/mm3,1,million/mm3
uMequiv/uM,1,uMequiv/uM
mg kg-1 injection-1,1,mg kg-1 injection-1
Kg.mg.hr/L.mg,1,Kg.mg.hr/L.mg
10'-16M,1,10'-16M
mm.mg-1,1,mm/mg
pmg.kg-1,1,pmg kg-1
bts min-1,1,bts min-1
/g,1,/g
10'-1nmol,1,10'-1nmol
mL.min/g,1,mL.min/g
nM Pi min-1 (mg of protein)-1,1,nM Pi min-1 (mg of protein)-1
L (min mg)-1,1,L (min mg)-1
10^3/cm2,1,10^3/cm2
turns hr-1,1,turns hr-1
nM hr ml,1,nM hr ml
10^2kJ/mol,1,10^2kJ/mol
% dose (g of tissue)-1,1,% dose (g of tissue)-1
1/nM.1/min,1,1/nM.1/min
10'-3mol/dm3,1,10'-3mol/dm3
J/cm2,1,J/cm2
kg-1 hr-1,1,kg-1 hr-1
pgequiv/ml,1,pgequiv/ml
pg/g,1,pg/g
10^-4mg/ml,1,10^-4mg/ml
ng/cm2/h,1,ng/cm2/h
(ug of base) ml-1,1,(ug of base) ml-1
yr,1,yr
delta mmHg,1,delta mmHg
10^-6/M,1,10^-6/M
(mg of prostate) (100g of body weight)-1,1,(mg of prostate) (100g of body weight)-1
uM h/(mg/kg),1,uM h/(mg/kg)
uL.min-1.(10^6cells)-1,1,uL.min-1.(10^6cells)-1
ug/mg/day,1,ug/mg/day
%mg,1,%mg
10'-6cm2/s,1,10'-6cm2/s
10^-6 mol/L,1,10^-6 mol/L
10^-8/s,1,10^-8/s
10'-5/nM/min,1,10'-5/nM/min
pM hr-1,1,pM hr-1
delta A/min,1,delta A/min
mmHg ml-1 min-1,1,mmHg ml-1 min-1
10'-5 cm/min,1,10'-5 cm/min
ng/cm2,1,ng/cm2
nM l-1,1,nM l-1
pmol/L,1,pmol/L
microM.hr/mg/kg,1,microM.hr/mg/kg
ng.hr/ml/mg/kg,1,ng.hr/ml/mg/kg
nM (mg of protein)-1,1,nM (mg of protein)-1
10'-4nM,1,10'-4nM
10'8PFU,1,10'8PFU
-V,1,-V
Ratio,1,Ratio
10^9/s/cm2,1,10^9/s/cm2
